Smiles,Standard Value,Standard Units,Molecule ChEMBL ID,value_nm,LogP,TPSA,MW,pIC50
NCCCCCCCCCCCCc1c[nH]cn1,1000.0,nM,CHEMBL155188,1000.0,3.8119000000000023,54.7,251.41799999999998,6.0
COc1cc(C(=O)N2CCC(CCN3CCC(C(=O)c4nc5ccccc5n4CCOc4ccco4)CC3)(c3ccccc3)C2)cc(OC)c1OC,446.0,nM,CHEMBL329450,446.0,6.503000000000008,108.50000000000001,706.84,6.350665141287858
Clc1ccc2c(c1)CCc1cccnc1C2=C1CCNCC1,16000.0,nM,CHEMBL1172,16000.0,4.018900000000002,24.92,310.8280000000001,4.795880017344075
Cn1c(N2CCN(CC/C=C3/c4ccccc4CCc4ccc(CC(=O)O)cc43)CC2)cc(=O)n(C)c1=O,195.0,nM,CHEMBL1774505,195.0,2.4537000000000004,87.78,514.6260000000003,6.709965388637482
Cc1ccc2c(c1)c1c(n2CCc2ccc(F)cc2)CCN(C)C1,30.0,nM,CHEMBL592753,30.0,4.319420000000004,8.17,322.42700000000013,7.522878745280337
CN1CCc2c(c3ccccc3n2/C=C\c2ccccc2)C1,181.0,nM,CHEMBL599913,181.0,4.257100000000003,8.17,288.39400000000006,6.7423214251308154
CN1CCC2C(C1)c1ccccc1N2/C=C/c1ccccc1,345.0,nM,CHEMBL591568,345.0,3.965200000000003,6.48,290.41,6.462180904926726
c1nc(CCCCCCCCCCCCN2CCCC2)c[nH]1,3981.07,nM,CHEMBL152221,3981.07,4.949000000000004,31.92,305.51,5.40000018605658
NCCCCCCCCCc1ccccn1,7943.28,nM,CHEMBL154566,7943.28,3.313500000000002,38.91,220.36,5.100000128334196
COc1ccc(CN(CCN(C)C)c2ccccn2)cc1,1.3,nM,CHEMBL511,1.3,2.658400000000001,28.6,285.391,8.886056647693163
COc1cc(C(=O)N2CCC(CCN3CCC(C(=O)c4nc5ccccc5n4Cc4ccccn4)CC3)(c3ccccc3)C2)cc(OC)c1OC,6.44,nM,CHEMBL96442,6.44,6.274300000000007,99.02000000000001,687.8410000000001,8.191114132640188
Cc1ccc2c(c1)c1c(n2/C=C\c2ccccc2)CCN(C)C1,154.0,nM,CHEMBL605405,154.0,4.565520000000005,8.17,302.4210000000001,6.812479279163537
COc1cc(C(=O)N2CCC(CCN3CCC(C(=O)c4nc5ccccc5n4Cc4ccc(F)cc4)CC3)(c3ccc4c(c3)OCO4)C2)cc(OC)c1OC.CS(=O)(=O)O,204.0,nM,CHEMBL317524,204.0,6.251100000000007,158.96,844.959,6.690369832574102
CN(C)CC1CC2c3ccccc3Oc3ccc(Cl)cc3N2O1,102.33,nM,CHEMBL310183,102.33,4.258900000000003,24.94,330.81500000000005,6.98999702587294
COc1cc(C(=O)N2CCC(CCN3CCC(C(=O)c4nc5ccccc5n4Cc4ccc(F)cc4)CC3)(c3ccc4c(c3)OCO4)C2)cc(OC)c1OC,6.69,nM,CHEMBL320002,6.69,6.7471000000000085,104.59000000000002,748.8519999999999,8.174573882232178
Cc1cccc2c1Cc1ccccc1C1CC(CN(C)C)ON21,6.026,nM,CHEMBL82635,6.026,3.7124200000000025,15.71,308.42500000000007,8.219970872662662
CN(CCCN1CCC(CN2c3ccccc3Sc3ccc(C(=O)O)cc32)CC1)c1cc(=O)n(C)c(=O)n1C,53.0,nM,CHEMBL561377,53.0,3.623400000000002,91.02000000000001,549.6970000000002,7.275724130399211
Cn1c(N2CCCN(CCCN3c4ccccc4Sc4ccc(/C=C\C(=O)O)cc43)CC2)cc(=O)n(C)c1=O,323.0,nM,CHEMBL562792,323.0,3.3869000000000016,91.02000000000001,547.6810000000003,6.490797477668897
Cn1c(N2CCN(CCCN3c4ccccc4Sc4ccc(CC(=O)O)cc43)CC2)cc(=O)n(C)c1=O,40.0,nM,CHEMBL559664,40.0,2.5261000000000005,91.02000000000001,521.6430000000004,7.3979400086720375
Cc1cncc(CN2CCC(=C3c4ccc(Cl)cc4CCc4cccnc43)CC2)c1,3.9,nM,CHEMBL91397,3.9,5.6349200000000055,29.020000000000003,415.96800000000025,8.4089353929735
NCCc1c[nH]c(-c2cccc(Cl)c2)n1,1995.26,nM,CHEMBL287052,1995.26,2.2313,54.7,221.691,5.700000503883016
CN(C)CC1CC2c3ccccc3Cc3ccc(-c4ccccc4)cc3N2O1,7.943,nM,CHEMBL315308,7.943,5.071000000000004,15.71,370.49600000000004,8.100015437450608
Fc1ccc(C(c2ccc(F)cc2)N2CCN(C/C=C/c3ccccc3)CC2)cc1,158.0,nM,CHEMBL30008,158.0,5.3852000000000055,6.48,404.5040000000001,6.801342913045577
CCOCCn1c(C(=O)C2CCN(CCC3(c4ccccc4)CCN(C(=O)c4cc(OC)c(OC)c(OC)c4)C3)CC2)nc2ccccc21,381.0,nM,CHEMBL322194,381.0,5.867500000000007,95.36000000000001,668.835,6.419075024324381
CN(C)CCC1CC2c3ccccc3Cc3ccccc3N2O1,83.18,nM,CHEMBL313189,83.18,3.794100000000003,15.71,308.42500000000007,7.079981083971085
Cc1ccc2c(c1)c1c(n2CCc2ccc(C)nc2)CCN(C)C1,158.0,nM,CHEMBL589390,158.0,3.883740000000002,21.060000000000002,319.4520000000001,6.801342913045577
Cc1ccc2c(c1)c1c(n2CCc2ccccc2)CCN(C)C1,146.0,nM,CHEMBL592752,146.0,4.180320000000003,8.17,304.43700000000007,6.835647144215563
Cc1ccc(CCn2c3c(c4cc(F)ccc42)CN(C)CC3)cc1,31.0,nM,CHEMBL603049,31.0,4.319420000000004,8.17,322.42700000000013,7.508638306165727
CN1CCC2C(C1)c1ccccc1N2/C=C/c1ccccc1,2130.0,nM,CHEMBL591568,2130.0,3.965200000000003,6.48,290.41,5.671620396561262
c1ccc2c(c1)Cc1ccccc1N1OC(CN3CCOCC3)CC21,26.3,nM,CHEMBL79249,26.3,3.1746000000000016,24.94,336.4350000000002,7.580044251510242
NCCCCCCCCCCc1ccncc1,2511.89,nM,CHEMBL359122,2511.89,3.7036000000000024,38.91,234.387,5.59999938302362
COC(=O)c1ccccc1OCCCCn1c(C(=O)C2CCN(CCC3(c4ccccc4)CCN(C(=O)c4cc(OC)c(OC)c(OC)c4)C3)CC2)nc2ccccc21,6.0,nM,CHEMBL95029,6.0,7.47680000000001,121.66000000000003,802.9689999999999,8.221848749616356
CN(C)c1nc(N[C@H]2CC[C@@H](NC(=O)c3ccc(F)c(F)c3)CC2)nc2ccccc12,150.0,nM,CHEMBL182150,150.0,4.127100000000002,70.15,425.4830000000002,6.823908740944319
Cc1cnc(N[C@H]2CC[C@@H](NC(=O)c3ccc(Cl)cc3)CC2)nc1N(C)C,760.0,nM,CHEMBL577912,760.0,3.6575200000000025,70.14999999999999,387.9150000000002,6.119186407719209
COC1CCN(c2cc(C(=O)NS(=O)(=O)N(C)C)nc3c2c(C2CCC2)nn3-c2ccc(F)cc2)CC1,8000.0,nM,CHEMBL5421982,8000.0,2.9785000000000013,109.66,530.6260000000002,5.096910013008056
CN(CC1CCCCC1)C1CCN(c2nc3ccccc3n2Cc2ccc(F)cc2)CC1,4.4,nM,CHEMBL549598,4.4,5.704600000000006,24.3,434.60300000000024,8.356547323513812
CN1CCc2c(c3cc(F)ccc3n2CCc2ccc(C(F)(F)F)cc2)C1,35.0,nM,CHEMBL591803,35.0,5.029800000000004,8.17,376.39700000000005,7.455931955649724
CN(C)CCN(Cc1ccccc1)c1ccccn1,39.81,nM,CHEMBL1241,39.81,2.649800000000001,19.37,255.36500000000004,7.400007822415902
c1nc(CCCCCCCCN2CCCC2)c[nH]1,630.96,nM,CHEMBL152126,630.96,3.388600000000002,31.92,249.40199999999996,6.199998172182031
NCCc1ccccn1,1258.93,nM,CHEMBL32813,1258.93,0.5827999999999998,38.91,122.17099999999996,5.899998417198648
COc1cc(C(=O)N2CCC(CCN3CCC(C(=O)c4nc5ccccc5n4Cc4ccco4)CC3)(c3ccccc3)C2)cc(OC)c1OC,6.53,nM,CHEMBL95127,6.53,6.472300000000008,99.27000000000001,676.8140000000002,8.185086818724926
NCCCCCCCCCCCCc1ccncc1,398.11,nM,CHEMBL157273,398.11,4.483800000000005,38.91,262.441,6.399996913372259
COc1cc(C(=O)N2CCCC(CCN3CCC(C(=O)c4nc5ccccc5n4Cc4ccc(F)cc4)CC3)(c3ccc(Cl)c(Cl)c3)C2)cc(OC)c1OC,6.67,nM,CHEMBL329055,6.67,8.715300000000004,86.13000000000001,787.7599999999998,8.175874166083451
O=C1[C@@H]2[C@H](C(=O)N1CCCCN1CCN(c3cccc4sccc34)CC1)[C@H]1C=C[C@@H]2C1,195.0,nM,CHEMBL4277101,195.0,3.6106000000000025,43.86000000000001,435.5930000000002,6.709965388637482
NC(=O)C1CCN(CCCN2c3ccccc3Sc3ccc(Cl)cc32)CC1,9.939,nM,CHEMBL1909072,9.939,4.530100000000004,49.57000000000001,401.96300000000025,8.002657309398378
CC(C)(C(=O)O)c1ccc(C(O)CCCN2CCC(C(O)(c3ccccc3)c3ccccc3)CC2)cc1,78.0,nM,CHEMBL914,78.0,5.510500000000006,81.0,501.66700000000014,7.107905397309519
Cn1c(N2CCCN(CCCN3c4ccccc4Sc4ccc(C(C)(C)C(=O)O)cc43)CC2)cc(=O)n(C)c1=O,123.0,nM,CHEMBL562676,123.0,3.6513000000000027,91.02000000000001,563.7240000000003,6.910094888560602
Cn1c(N2CCCN(CCCN3c4ccccc4Sc4ccc(CCC(=O)O)cc43)CC2)cc(=O)n(C)c1=O,69.0,nM,CHEMBL560061,69.0,3.306300000000002,91.02000000000001,549.6970000000003,7.161150909262744
Cn1c(N2CCN(CCN3c4ccccc4Sc4ccc(C(=O)O)cc43)CC2)cc(=O)n(C)c1=O,124.0,nM,CHEMBL564168,124.0,2.2070999999999996,91.02000000000001,493.5890000000004,6.906578314837765
Cn1c(N2CCCN(CCCN3c4ccccc4Sc4ccc(C(=O)O)cc43)CC2)cc(=O)n(C)c1=O,23.0,nM,CHEMBL564370,23.0,2.987300000000002,91.02000000000001,521.6430000000004,7.638272163982407
Cn1c(NCCCN2CCC(Oc3ccc(Cl)c(Cl)c3)CC2)cc(=O)n(C)c1=O,28.0,nM,CHEMBL560120,28.0,2.7362,68.5,441.35900000000026,7.552841968657781
CN1[C@@H]2CC[C@H]1C[C@@H](OC(c1ccccc1)c1ccccc1)C2,3.183,nM,CHEMBL1201203,3.183,4.417800000000004,12.47,307.43700000000007,8.497163361378997
COc1ccc(C2(CCN3CCC(C(=O)c4nc5ccccc5n4Cc4ccc(F)cc4)CC3)CCN(C(=O)c3ccccc3)C2)cc1OC,240.0,nM,CHEMBL327497,240.0,7.009800000000007,76.9,674.8170000000002,6.619788758288394
Cn1c(N2CCCN(CCCN3c4ccccc4COc4ccc(C(C)(C)C(=O)O)cc43)CC2)cc(=O)n(C)c1=O,150.0,nM,CHEMBL1774495,150.0,3.079100000000002,100.25,561.6830000000003,6.823908740944319
OCCOCCN1CCN(C2=Nc3ccccc3Sc3ccccc32)CC1,39.6,nM,CHEMBL716,39.6,2.8560000000000016,48.300000000000004,383.51700000000017,7.402304814074488
Cc1ccc2c(c1)c1c(n2CCc2cnccn2)CCN(C)C1,7940.0,nM,CHEMBL1783970,7940.0,2.970320000000001,33.95,306.41300000000007,5.100179497572904
COc1cc(C(=O)N2CCC(CCN3CCC(C(=O)c4nc5ccccc5[nH]4)CC3)(c3ccccc3)C2)cc(OC)c1OC,500.0,nM,CHEMBL330499,500.0,5.357600000000005,96.99000000000001,596.7280000000002,6.301029995663981
CCOc1cc(C(=O)N2CCC(CCN3CCC(C(=O)c4nc5ccccc5n4Cc4ccc(F)cc4)CC3)(c3ccc(OC)c(OC)c3)C2)cc(OCC)c1OCC.O=C(O)/C=C/C(=O)O,158.0,nM,CHEMBL330367,158.0,7.917700000000009,179.19,923.0479999999998,6.801342913045577
CN(C)CC1CC2c3ccccc3Cc3ccc(Cl)cc3N2O1,2.344,nM,CHEMBL315772,2.344,4.057400000000003,15.71,328.8430000000001,8.630042392653946
COc1ccc(CN(CCN(C)C)c2ccccn2)cc1,1.4,nM,CHEMBL511,1.4,2.658400000000001,28.6,285.391,8.853871964321762
CN(C)CCCN1c2ccccc2Sc2ccc(Cl)cc21,17.0,nM,CHEMBL71,17.0,4.894400000000004,6.48,318.8730000000001,7.769551078621726
Cc1cc(N(C)C)nc(N[C@H]2CC[C@@H](NC(=O)c3cc(C(F)(F)F)cc(C(F)(F)F)c3)CC2)n1,1210.0,nM,CHEMBL583014,1210.0,5.041720000000004,70.15,489.4640000000001,5.91721462968355
Cc1cnc(N[C@H]2CC[C@@H](NC(=O)c3ccc(F)cc3)CC2)nc1N(C)C,810.0,nM,CHEMBL565551,810.0,3.1432200000000012,70.14999999999999,371.46000000000015,6.0915149811213505
O=c1n(CCCN2CCN(c3cccc(Cl)c3)CC2)nc2ccccn12,361.0,nM,CHEMBL621,361.0,2.3617,45.78,371.8720000000001,6.442492798094342
Cn1c(N2CCCN(CC/C=C3/c4ccccc4CCc4ccc(C(=O)O)cc43)CC2)cc(=O)n(C)c1=O,153.0,nM,CHEMBL1774507,153.0,2.914900000000002,87.78,514.6260000000003,6.815308569182402
COc1cc(C(=O)N2CCC(CCN3CCC(C(=O)c4nc5ccccc5n4Cc4ccc(F)cc4)CC3)(c3ccccc3)C2)cc(OC)c1OC,6.63,nM,CHEMBL98079,6.63,7.018400000000009,86.13000000000001,704.843,8.178486471595226
CN(C)CC1CC2c3ccccc3Cc3ccccc3N2O1,6.761,nM,CHEMBL83658,6.761,3.4040000000000026,15.71,294.398,8.169989064063882
CN(C)CC1CC2c3cccc(F)c3Cc3ccccc3N2O1,2.291,nM,CHEMBL82966,2.291,3.5431000000000026,15.71,312.38800000000003,8.639974910810603
COc1cc(C(=O)N2CCC(CCN3CCC(C(=O)c4nc5ccccc5n4CCCC(=O)O)CC3)(c3ccc(Cl)c(Cl)c3)C2)cc(OC)c1OC,5.0,nM,CHEMBL94788,5.0,7.002600000000008,123.43000000000002,751.7080000000001,8.301029995663981
COc1ccc(CN(CCN(C)C)c2ccccn2)cc1,3.0,nM,CHEMBL511,3.0,2.658400000000001,28.6,285.391,8.522878745280337
COc1cc(C(=O)N2CCC(CCN3CCC(C(=O)c4nc5ccccc5n4Cc4ccccn4)CC3)(c3ccc(Cl)c(Cl)c3)C2)cc(OC)c1OC.CS(=O)(=O)O,437.0,nM,CHEMBL431850,437.0,7.085100000000009,153.39,852.8380000000001,6.359518563029578
c1ccc2c(c1)Cc1ccccc1N1OC(CN3CCCC3)CC21,3.02,nM,CHEMBL316438,3.02,3.938200000000003,15.71,320.43600000000015,8.51999305704285
CCCCCCCCNC(C)C(O)c1ccc(SC(C)C)cc1,5176.8,nM,CHEMBL404849,5176.8,5.559100000000006,32.26,337.5730000000001,5.285938613185849
COc1cc(C(=O)N2CCC(CCN3CCC(C(=O)c4nc5ccccc5n4CCOCc4ccco4)CC3)(c3ccccc3)C2)cc(OC)c1OC,6.35,nM,CHEMBL95076,6.35,6.6408000000000085,108.50000000000001,720.867,8.197226274708024
COc1ccc2c(c1)C1CC(CN(C)C)ON1c1ccccc1C2,14.45,nM,CHEMBL315044,14.45,3.412600000000002,24.940000000000005,324.42400000000004,7.840132152907433
CN1CCN(CCCN2c3ccccc3Sc3ccc(Cl)cc32)CC1,24.0,nM,CHEMBL728,24.0,4.580200000000004,9.72,373.95300000000015,7.619788758288394
CN1CCN(C2=Nc3cc(Cl)ccc3Nc3ccccc32)CC1,4.912,nM,CHEMBL42,4.912,3.7227000000000023,30.869999999999997,326.83100000000013,8.308741641866888
C(=C/c1ccccc1)\CN1CCN(C(c2ccccc2)c2ccccc2)CC1,74.0,nM,CHEMBL43064,74.0,5.1070000000000055,6.48,368.5240000000001,7.130768280269024
NCCCCCCCCCCCCCc1c[nH]cn1,1258.93,nM,CHEMBL156071,1258.93,4.2020000000000035,54.7,265.44499999999994,5.899998417198648
COc1cc(C(=O)N2CCC(CCN3CCC(C(=O)c4nc5ccccc5n4CCN4CCOCC4)CC3)(c3ccc(Cl)c(Cl)c3)C2)cc(OC)c1OC,6.26,nM,CHEMBL97240,6.26,6.470000000000008,98.60000000000001,778.778,8.20342566678957
CN(C)CC1CC2c3ccccc3Cc3cccc(Cl)c3N2O1,15.49,nM,CHEMBL313604,15.49,4.057400000000003,15.71,328.8430000000001,7.809948582240794
CN(C)CC1CC2c3ccccc3Cc3ccc(F)cc3N2O1,2.57,nM,CHEMBL84931,2.57,3.5431000000000026,15.71,312.38800000000003,8.590066876668706
CO[C@H]1Cc2ccccc2C(=C2CCNCC2)c2ccsc21,17000.0,nM,CHEMBL3909134,17000.0,4.177000000000003,21.259999999999998,311.44999999999993,4.769551078621726
CNCCCC12CCC(c3ccccc31)c1ccccc12,8.792,nM,CHEMBL21731,8.792,4.211400000000004,12.03,277.41100000000006,8.055912320584566
CN(C)CCN(Cc1cccs1)c1ccccn1,16.0,nM,CHEMBL1411979,16.0,2.7113000000000005,19.37,261.394,7.795880017344075
CN1CCN2c3ccccc3Cc3ccccc3C2C1,1.506,nM,CHEMBL6437,1.506,3.0839000000000016,6.48,264.372,8.822175028135318
CN(C)CCOC(c1ccccc1)c1ccccc1.Cn1c(=O)c2[nH]c(Cl)nc2n(C)c1=O,319.0,nM,CHEMBL1200406,319.0,2.967900000000001,85.15,469.97300000000024,6.496209316942819
CN1CCC(=C2c3ccccc3CC(=O)c3sccc32)CC1,1.188,nM,CHEMBL534,1.188,4.014400000000004,20.310000000000002,309.4340000000001,8.925183559354826
COc1ccc(CN(CCN(C)C)c2ccccn2)cc1,10.0,nM,CHEMBL511,10.0,2.658400000000001,28.6,285.391,8.0
CN1CCN(C(c2ccccc2)c2ccccc2)CC1,38.0,nM,CHEMBL648,38.0,3.0234000000000014,6.48,266.38800000000003,7.42021640338319
Cc1nc2ccccn2c(=O)c1CCN1CCN(c2cccc3sccc23)CC1,132.0,nM,CHEMBL4094825,132.0,3.582320000000003,40.85000000000001,404.53900000000004,6.87942606879415
COc1ccc(CN(CCN(C)C)c2ccccn2)cc1,6.2,nM,CHEMBL511,6.2,2.658400000000001,28.6,285.391,8.207608310501746
CCN(CC)CC1CC2c3ccccc3Cc3ccccc3N2O1,13.49,nM,CHEMBL84293,13.49,4.184200000000003,15.71,322.45200000000006,7.869988050328096
COc1ccc(C2(CCN3CCC(C(=O)c4nc5ccccc5n4Cc4ccccn4)CC3)CCN(C(=O)c3cc(OC)c(OC)c(OC)c3)C2)cc1.O=C(O)/C=C/C(=O)O,500.0,nM,CHEMBL410270,500.0,5.994700000000005,182.85,833.9390000000003,6.301029995663981
O=C(CCCN1CCC(O)(c2ccc(Cl)cc2)CC1)c1ccc(F)cc1,2781.0,nM,CHEMBL54,2781.0,4.425600000000004,40.540000000000006,375.87100000000015,5.55579901113584
COc1cc(C(=O)N2CCC(CCN3CCC(C(=O)c4nc5ccccc5n4Cc4ccncc4)CC3)(c3ccccc3)C2)cc(OC)c1OC,6.55,nM,CHEMBL330719,6.55,6.274300000000007,99.02000000000001,687.8410000000001,8.183758700008218
NCCc1c[nH]cn1,158.49,nM,CHEMBL90,158.49,-0.08910000000000035,54.7,111.14799999999998,6.799998134593398
CN(C)CCCC1CC2c3ccccc3Cc3ccccc3N2O1,676.08,nM,CHEMBL310018,676.08,4.184200000000003,15.71,322.45200000000006,6.170001911302621
COC(=O)c1ccc(Cn2c(C(=O)C3CCN(CCC4(c5ccccc5)CCN(C(=O)c5cc(OC)c(OC)c(OC)c5)C4)CC3)nc3ccccc32)cc1,1210.0,nM,CHEMBL328511,1210.0,6.665900000000008,112.43,744.8889999999999,5.91721462968355
Cc1c(C)c2c(c(C)c1O)CCC(C)(CN1CCN(c3cc(N4CCCC4)nc(N4CCCC4)n3)CC1)O2,14791.0,nM,CHEMBL141343,14791.0,4.213760000000003,68.2,520.7220000000004,4.83000246293343
COC(=O)c1ccc(Cn2c(C(=O)C3CCN(CCC4(c5ccccc5)CCN(C(=O)c5cc(OC)c(OC)c(OC)c5)C4)CC3)nc3ccccc32)cc1,5.93,nM,CHEMBL328511,5.93,6.665900000000008,112.43,744.8889999999999,8.226945306635738
COc1ccc(C2(CCN3CCC(C(=O)c4nc5ccccc5n4Cc4ccc(F)cc4)CC3)CCN(C(=O)c3ccccc3)C2)cc1OC,6.62,nM,CHEMBL327497,6.62,7.009800000000007,76.9,674.8170000000002,8.1791420105603
CN1CCCC(CN2c3ccccc3Sc3ccccc32)C1,27.0,nM,CHEMBL395110,27.0,4.631100000000004,6.48,310.4660000000001,7.568636235841013
NCCCCCCCCCCCCc1cccnc1,1258.93,nM,CHEMBL152122,1258.93,4.483800000000005,38.91,262.441,5.899998417198648
CCOc1cc(C(=O)N2CCC(CCN3CCC(C(=O)c4nc5ccccc5n4Cc4ccc(F)cc4)CC3)(c3ccc(OC)c(OC)c3)C2)cc(OCC)c1OCC,6.8,nM,CHEMBL330462,6.8,8.205900000000009,104.59000000000002,806.9759999999997,8.167491087293763
Cn1c(N2CCCN(CC/C=C3/c4ccccc4COc4ccc(CC(=O)O)cc43)CC2)cc(=O)n(C)c1=O,92.0,nM,CHEMBL1774502,92.0,2.637600000000001,97.00999999999999,530.6250000000003,7.036212172654444
Cn1c(N2CCN(CC/C=C3\c4ccccc4COc4ccc(CC(=O)O)cc43)CC2)cc(=O)n(C)c1=O,540.0,nM,CHEMBL1774501,540.0,2.2475000000000005,97.00999999999999,516.5980000000004,6.267606240177032
CN1CCC(=C2c3ccccc3C=Cc3ccccc32)CC1,3.7,nM,CHEMBL516,3.7,4.697900000000004,3.24,287.4060000000001,8.431798275933005
CN(C)CC1CC2c3ccccc3Cc3ccccc3N2O1,6.761,nM,CHEMBL83658,6.761,3.4040000000000026,15.71,294.398,8.169989064063882
Cc1ccc2c(c1)c1c(n2CCc2ccc(C)nc2)CCN(C)C1,1580.0,nM,CHEMBL589390,1580.0,3.883740000000002,21.060000000000002,319.4520000000001,5.801342913045577
Cc1ccc2c(c1)c1c(n2CCc2ccc(C(F)(F)F)cc2)CCN(C)C1,98.0,nM,CHEMBL606036,98.0,5.199120000000004,8.17,372.43400000000014,7.008773924307505
Cc1ccc2c(c1)c1c(n2CCc2ccccc2)CCN(C)C1,40.0,nM,CHEMBL592752,40.0,4.180320000000003,8.17,304.43700000000007,7.3979400086720375
Cc1cccc2c1C1CC(CN(C)C)ON1c1ccccc1C2,11.75,nM,CHEMBL314795,11.75,3.7124200000000025,15.71,308.42500000000007,7.9299621333922445
COc1ccc(C2(CCN3CCC(C(=O)c4nc5ccccc5[nH]4)CC3)CCN(C(=O)c3cc(OC)c(OC)c(OC)c3)C2)cc1OC,5.71,nM,CHEMBL96441,5.71,5.374800000000005,115.45000000000002,656.7800000000002,8.243363891754152
CC(C(=O)O)c1ccc2c(c1)N(CCCN1CCCN(c3cc(=O)n(C)c(=O)n3C)CC1)c1ccccc1S2,72.0,nM,CHEMBL565083,72.0,3.4772000000000016,91.02000000000001,549.6970000000002,7.142667503568731
O=C1CCc2ccc(OCCCCN3CCN(c4cccc(Cl)c4Cl)CC3)cc2N1,420.0,nM,CHEMBL1112,420.0,4.859300000000005,44.81,448.39400000000006,6.376750709602099
CN(C)CC1CC2c3ccccc3Cc3cc(F)ccc3N2O1,1.288,nM,CHEMBL84081,1.288,3.5431000000000026,15.71,312.38800000000003,8.890084136976206
Cc1ccc2c(c1)N1OC(CN(C)C)CC1c1ccccc1C2,5.888,nM,CHEMBL85735,5.888,3.7124200000000025,15.71,308.42500000000007,8.230032198670557
Cc1ccc(CCn2c3c(c4cc(C)ccc42)CN(C)CC3)cc1,112.0,nM,CHEMBL605081,112.0,4.4887400000000035,8.17,318.4640000000001,6.950781977329818
COc1ccc2c(c1)c1c(n2CCc2ccccn2)CCN(C)C1,4670.0,nM,CHEMBL1783955,4670.0,3.275500000000002,30.29,321.42400000000015,5.330683119433888
COc1ccc2c(c1)c1c(n2CCc2ccccc2)CCN(C)C1,104.0,nM,CHEMBL589389,104.0,3.8805000000000023,17.4,320.43600000000015,6.982966660701219
CN1CCc2c(c3cc(C(F)(F)F)ccc3n2CCc2ccccc2)C1,68.0,nM,CHEMBL589388,68.0,4.890700000000004,8.17,358.4070000000001,7.167491087293763
CN1CCc2c(c3cc(F)ccc3n2CCc2ccccc2)C1,40.0,nM,CHEMBL589148,40.0,4.011000000000003,8.17,308.40000000000003,7.3979400086720375
CN1CCc2c(c3cc(C(F)(F)F)ccc3n2CCc2ccccn2)C1,560.0,nM,CHEMBL1783958,560.0,4.285700000000004,21.060000000000002,359.3950000000001,6.251811972993799
CN(C)CCCN1c2ccccc2Sc2ccccc21,3.435,nM,CHEMBL564,3.435,4.241000000000003,6.48,284.42800000000005,8.464073258604431
CN(C)CC1CC2c3ccccc3Cc3ccc(Cl)cc3N2O1,2.344,nM,CHEMBL315772,2.344,4.057400000000003,15.71,328.8430000000001,8.630042392653946
CCOCCn1c(C(=O)C2CCN(CCC3(c4ccc(Cl)c(Cl)c4)CCN(C(=O)c4cc(OC)c(OC)c(OC)c4)C3)CC2)nc2ccccc21,6.47,nM,CHEMBL96141,6.47,7.1743000000000094,95.36000000000001,737.7249999999999,8.1890957193313
COc1cc(C(=O)N2CCC(CCN3CCC(C(=O)c4nc5ccccc5n4Cc4ccc(F)cc4)CC3)(c3ccc(C(F)(F)F)cc3)C2)cc(OC)c1OC,6.33,nM,CHEMBL94834,6.33,8.03720000000001,86.13000000000001,772.84,8.198596289982644
CC(C)(C)c1ccc(C(O)CCCN2CCC(C(O)(c3ccccc3)c3ccccc3)CC2)cc1,563.0,nM,CHEMBL17157,563.0,6.445800000000008,43.7,471.6850000000001,6.249491605148654
N#Cc1ccc(CCOC(=O)N2CCN(CCCc3ccccc3)CC2)cc1,280.0,nM,CHEMBL325258,280.0,3.4877800000000025,56.57,377.48800000000006,6.552841968657781
Cc1cc(N(C)C)nc(N[C@H]2CC[C@@H](NC(=O)c3ccc(Cl)c(Cl)c3)CC2)n1,390.0,nM,CHEMBL568400,390.0,4.310920000000003,70.15,422.3600000000002,6.4089353929735005
Cc1ccc(S(=O)(=O)NC(=O)N2CCC(N3CCC(Oc4ccc(Cl)c(Cl)c4)CC3)CC2)cc1,40.0,nM,CHEMBL2158814,40.0,4.707920000000004,78.95,526.4860000000003,7.3979400086720375
CN(C)CC1CC2c3cccnc3Cc3ccccc3N2O1,16.6,nM,CHEMBL331188,16.6,2.7990000000000013,28.600000000000005,295.386,7.779891911959945
C[C@H](c1ccccn1)c1c(CCN(C)C)sc2ccccc12,256000.0,nM,CHEMBL1090433,256000.0,4.552200000000004,16.130000000000003,310.466,3.5917600346881504
O[C@@H]1Cc2ccccc2C(=C2CCNCC2)c2ccsc21,23000.0,nM,CHEMBL4115693,23000.0,3.5229000000000026,32.26,297.42299999999994,4.638272163982407
NCCCCCCCCCCCCCCc1c[nH]cn1,1995.26,nM,CHEMBL155314,1995.26,4.592100000000004,54.7,279.4719999999999,5.700000503883016
CCOCCn1c(C(=O)C2CCN(CCC3(c4ccc(F)cc4)CCN(Cc4cc(OC)c(OC)c(OC)c4)C3=O)CC2)nc2ccccc21,6.6,nM,CHEMBL94906,6.6,5.893000000000007,95.36,686.825,8.18045606445813
O=C(O)CC(O)CN1CCC(=C2c3ccc(Cl)cc3CCc3cccnc32)CC1,125.7,nM,CHEMBL5555858,125.7,3.566900000000003,73.66,412.91700000000026,6.900664722314042
O=C(O)c1ccc(CCCN2CCC(=C3c4ccc(Cl)cc4CCc4cccnc43)CC2)cc1,64.51,nM,CHEMBL5558681,64.51,6.062300000000006,53.43,473.01600000000025,7.19037295810595
CC(C)(C(=O)O)c1ccccc1CCCN1CCC(=C2c3ccc(Cl)cc3CCc3cccnc32)CC1,44.18,nM,CHEMBL5567709,44.18,6.726300000000007,53.43,515.0970000000002,7.354774288464584
CC(C)(C(=O)O)c1ccc(C(O)CCCN2CCC(C(O)(c3ccccc3)c3ccccc3)CC2)cc1,78.0,nM,CHEMBL914,78.0,5.510500000000006,81.0,501.66700000000014,7.107905397309519
Cn1c(N2CCCN(CCCN3c4ccccc4CCc4ccc(CC(=O)O)cc43)CC2)cc(=O)n(C)c1=O,54.0,nM,CHEMBL1774498,54.0,2.5502000000000002,91.02000000000001,531.6570000000004,7.267606240177032
CC(c1ccncc1)c1c(CCN(C)C)sc2ccccc12,23000.0,nM,CHEMBL1091790,23000.0,4.552200000000004,16.130000000000003,310.466,4.638272163982407
CN(C)CC1CC2c3ccccc3Cc3c(F)cccc3N2O1,1.738,nM,CHEMBL315834,1.738,3.5431000000000026,15.71,312.38800000000003,8.759950227887352
O=C(CCc1ccc(F)cc1)N1CCN(CCCC(c2ccc(F)cc2)c2ccc(F)cc2)CC1,1660.0,nM,CHEMBL116735,1660.0,5.793000000000006,23.550000000000004,480.5740000000001,5.779891911959945
CC(C)N(CC1CC2c3ccccc3Cc3ccccc3N2O1)C(C)C,151.36,nM,CHEMBL309904,151.36,4.961200000000005,15.71,350.5060000000001,6.819988880942282
Clc1ccc2c(c1)CCc1cccnc1C2=C1CCNCC1,9.977,nM,CHEMBL1172,9.977,4.018900000000002,24.92,310.8280000000001,8.00100002778168
O=C(CCCN1CC=C(n2c(=O)[nH]c3ccccc32)CC1)c1ccc(F)cc1,4519.0,nM,CHEMBL1108,4519.0,3.6784000000000026,58.1,379.4350000000002,5.344957658668799
COC(=O)c1ccccc1OCCCn1c(C(=O)C2CCN(CCC3(c4ccccc4)CCN(C(=O)c4cc(OC)c(OC)c(OC)c4)C3)CC2)nc2ccccc21,994.0,nM,CHEMBL316705,994.0,7.086700000000008,121.66000000000003,788.9419999999999,6.002613615602686
CNC(=O)c1cccc(OCCCCN2CCC(c3noc4cc(F)ccc34)CC2)c1,2560.0,nM,CHEMBL3805559,2560.0,4.365100000000004,67.6,425.50400000000013,5.59176003468815
Cn1c(N2CCCN(CCCN3c4ccccc4CCc4ccc(C(=O)O)cc43)CC2)cc(=O)n(C)c1=O,70.0,nM,CHEMBL1774497,70.0,2.6213000000000006,91.02000000000001,517.6300000000003,7.154901959985743
CC(C)(C)CCN1CC[C@H](CNC(=O)c2cc(Cl)cc(Cl)c2)[C@H](F)C1,6000.0,nM,CHEMBL493677,6000.0,4.819400000000004,32.34,389.34200000000016,5.221848749616356
CC(C)Oc1cccc(CC(=O)N2CCC(CCN3CCC(C(=O)c4nc5ccccc5n4Cc4ccc(F)cc4)CC3)(c3ccc4c(c3)OCO4)C2)c1,6.6,nM,CHEMBL319535,6.6,7.437400000000009,86.13000000000001,730.881,8.18045606445813
CCOCCn1c(C(=O)C2CCN(CCC3(c4ccc(OC)c(OC)c4)CCN(C(=O)c4cc(OC)c(OC)c(OC)c4)C3)CC2)nc2ccccc21,6.2,nM,CHEMBL327888,6.2,5.884700000000007,113.82000000000002,728.887,8.207608310501746
COc1cc(C(=O)N2CCC(CCN3CCC(C(=O)c4nc5ccccc5n4Cc4ccc(C(=O)O)cc4)CC3)(c3ccccc3)C2)cc(OC)c1OC,4.47,nM,CHEMBL411691,4.47,6.577500000000008,123.43000000000002,730.862,8.349692476868064
CN1CCC(=C2c3ccccc3CC(=O)c3sccc32)CC1,1.0,nM,CHEMBL534,1.0,4.014400000000004,20.310000000000002,309.4340000000001,9.0
Cn1c(N2CCCN(CC/C=C3/c4ccccc4COc4ccc(C(=O)O)cc43)CC2)cc(=O)n(C)c1=O,63.0,nM,CHEMBL1774504,63.0,2.708700000000001,97.00999999999999,516.5980000000003,7.200659450546418
COc1ccc(CN(CCN(C)C)c2ccccn2)cc1,1.8,nM,CHEMBL511,1.8,2.658400000000001,28.6,285.391,8.744727494896694
Cn1c(N2CCN(CC/C=C3/c4ccccc4COc4ccc(C(=O)O)cc43)CC2)cc(=O)n(C)c1=O,325.0,nM,CHEMBL1774503,325.0,2.3186,97.00999999999999,502.57100000000037,6.488116639021126
Cc1ccc2c(c1)c1c(n2CCc2ccc(C)nc2)CCN(C)C1,160.0,nM,CHEMBL589390,160.0,3.883740000000002,21.060000000000002,319.4520000000001,6.795880017344075
c1nc(CCCCCCCCCCN2CCCC2)c[nH]1,398.11,nM,CHEMBL157217,398.11,4.168800000000004,31.92,277.4559999999999,6.399996913372259
COc1ccc(C2(CCN3CCC(C(=O)c4nc5ccccc5n4Cc4ccc(C(=O)O)cc4)CC3)CCN(C(=O)c3cc(OC)c(OC)c(OC)c3)C2)cc1OC,4.56,nM,CHEMBL273915,4.56,6.594700000000008,141.89,790.9140000000001,8.341035157335565
COc1ccc(C(=O)N2CCC(CCN3CCC(C(=O)c4nc5ccccc5n4Cc4ccc(F)cc4)CC3)(c3ccc4c(c3)OCO4)C2)c(OC)c1OC,6.59,nM,CHEMBL94726,6.59,6.747100000000008,104.59000000000002,748.8519999999999,8.18111458540599
CN(C)CC1CC2c3cccc(C(F)(F)F)c3Cc3ccccc3N2O1,37.15,nM,CHEMBL83073,37.15,4.422800000000004,15.71,362.39500000000004,7.430041181903406
Cc1cc(N(C)C)nc(N[C@H]2CC[C@@H](NC(=O)c3ccc(Cl)cc3)CC2)n1,800.0,nM,CHEMBL567791,800.0,3.6575200000000017,70.15,387.91500000000013,6.096910013008056
Cc1ccc(C(=O)N[C@H]2CC[C@@H](Nc3ncc(C)c(N(C)C)n3)CC2)cc1,170.0,nM,CHEMBL578170,170.0,3.312540000000002,70.15,367.4970000000001,6.769551078621726
Cc1cnc(N[C@H]2CC[C@@H](CNC(=O)c3ccc(F)c(F)c3)CC2)nc1N(C)C,920.0,nM,CHEMBL577904,920.0,3.5299200000000024,70.14999999999999,403.4770000000002,6.036212172654444
COc1cc(C(=O)N2CCC(CCN3CCC(C(=O)c4nc5ccccc5n4Cc4ccccn4)CC3)(c3ccc(Cl)c(Cl)c3)C2)cc(OC)c1OC,6.36,nM,CHEMBL95125,6.36,7.58110000000001,99.02000000000001,756.731,8.196542884351587
CCOC(=O)CCCn1c(C(=O)C2CCN(CCC3(c4ccc(Cl)c(Cl)c4)CCN(C(=O)c4cc(OC)c(OC)c(OC)c4)C3)CC2)nc2ccccc21,6.02,nM,CHEMBL318369,6.02,7.481100000000009,112.43,779.7619999999998,8.220403508742175
COc1ccc(CN(CCN(C)C)c2ccccn2)cc1,12.59,nM,CHEMBL511,12.59,2.658400000000001,28.6,285.391,7.899974269892137
Cn1c(N2CCN(CC/C=C3/c4ccccc4COc4ccc(CC(=O)O)cc43)CC2)cc(=O)n(C)c1=O,84.0,nM,CHEMBL1774500,84.0,2.2475000000000005,97.00999999999999,516.5980000000004,7.075720713938118
COc1cc(C(=O)N2CCC(CCN3CCC(C(=O)c4nc5ccccc5n4Cc4cccnc4)CC3)(c3ccccc3)C2)cc(OC)c1OC,416.0,nM,CHEMBL330172,416.0,6.274300000000007,99.02000000000001,687.8410000000001,6.380906669373257
CN1CCc2c(c3cc(-c4cccnc4)ccc3n2CCc2ccccn2)C1,7160.0,nM,CHEMBL1783972,7160.0,4.328900000000003,33.95,368.4840000000002,5.145086977692144
Cc1ccccc1C(OCCN(C)C)c1ccccc1,1241.0,nM,CHEMBL900,1241.0,3.662620000000003,12.47,269.388,5.90622821850127
CCOC(=O)N1CCC(=C2c3ccc(Cl)cc3CCc3cccnc32)CC1,170.0,nM,CHEMBL998,170.0,4.887800000000005,42.43,382.89100000000025,6.769551078621726
CNC1=Nc2ccc(Cl)cc2C(c2ccccc2)=[N+]([O-])C1,1795.0,nM,CHEMBL451,1795.0,2.950700000000001,50.459999999999994,299.761,5.745935547085662
Cn1c(NCCCN2CCC(CN3c4ccccc4Sc4ccc(C(=O)O)cc43)CC2)cc(=O)n(C)c1=O,46.0,nM,CHEMBL563520,46.0,3.5991000000000017,99.81,535.6700000000004,7.337242168318426
CC(C)(C(=O)O)c1ccc(C(O)CCCN2CCC(C(O)(c3ccccc3)c3ccccc3)CC2)cc1,78.0,nM,CHEMBL914,78.0,5.510500000000006,81.0,501.66700000000014,7.107905397309519
Cc1ccc2c(c1)c1c(n2CCc2ccccn2)CCN(C)C1,500.0,nM,CHEMBL1783954,500.0,3.5753200000000014,21.060000000000002,305.42500000000007,6.301029995663981
Cc1cc2c(s1)Nc1ccccc1N=C2N1CCN(C)CC1,13.0,nM,CHEMBL715,13.0,3.4392200000000033,30.870000000000005,312.4420000000001,7.886056647693163
OCCN1CCN(CCCN2c3ccccc3Sc3ccc(C(F)(F)F)cc32)CC1,40.0,nM,CHEMBL726,40.0,4.308100000000003,29.950000000000003,437.5310000000002,7.3979400086720375
Cn1c(N2CCCN(CCCN3c4ccccc4Sc4ccc(OCC(=O)O)cc43)CC2)cc(=O)n(C)c1=O,88.0,nM,CHEMBL563271,88.0,2.7525000000000013,100.25,551.6690000000003,7.055517327849832
Cn1c(N2CCN(CCCN3c4ccccc4Sc4ccc(CC(=O)O)cc43)CC2)cc(=O)n(C)c1=O,40.0,nM,CHEMBL559664,40.0,2.5261000000000005,91.02000000000001,521.6430000000004,7.3979400086720375
CN1CCc2c(c3ccccc3n2CCc2ccccn2)C1,930.0,nM,CHEMBL1783953,930.0,3.2669000000000015,21.060000000000002,291.398,6.031517051446065
OC(COc1ccccc1C(F)(F)F)CN1CCC(=C2c3ccc(Cl)cc3CCc3cccnc32)CC1,81.78,nM,CHEMBL4565774,81.78,6.190000000000006,45.59,529.0020000000001,7.0873528937816825
CC(C)(C(=O)O)c1ccc(C(O)CCCN2CCC(C(O)(c3ccccc3)c3ccccc3)CC2)cc1,15.0,nM,CHEMBL914,15.0,5.510500000000006,81.0,501.66700000000014,7.823908740944319
Clc1ccccc1C(c1ccccc1)(c1ccccc1)n1ccnc1,29406.0,nM,CHEMBL104,29406.0,5.376700000000004,17.82,344.845,4.531564047103727
Cc1ccc2c(c1)Cc1ccccc1N1OC(CN(C)C)CC21,15.85,nM,CHEMBL85155,15.85,3.7124200000000025,15.71,308.4250000000001,7.79997073344623
O=C1Cc2ccccc2C(=C2CCNCC2)c2ccsc21,11000.0,nM,CHEMBL1197564,11000.0,3.672200000000003,29.1,295.4069999999999,4.958607314841775
CCOC(=O)N1CCC(=C2c3ccc(Cl)cc3CCc3cccnc32)CC1,1500000.0,nM,CHEMBL998,1500000.0,4.887800000000005,42.43,382.89100000000025,2.8239087409443187
O=C(O)c1cc(-c2cccc(COc3ccc4c(c3)CN(C3CCCC3)C4=O)c2)ccc1Cl,8150.0,nM,CHEMBL1651208,8150.0,6.182600000000005,66.84,461.9450000000003,5.088842391260023
COc1ccc(CN(CCN(C)C)c2ccccn2)cc1,3.2,nM,CHEMBL511,3.2,2.658400000000001,28.6,285.391,8.494850021680094
CN(C)CC1CC2c3cc(F)ccc3Cc3ccc(F)cc3N2O1,16.98,nM,CHEMBL314107,16.98,3.6822000000000026,15.71,330.37800000000004,7.770062314092066
NCCc1c[nH]c(-c2cccc(C(F)(F)F)c2)n1,1000.0,nM,CHEMBL24665,1000.0,2.5967000000000002,54.7,255.24299999999997,6.0
N#Cc1ccc(CCOC(=O)N2CCN(CCCC(c3ccc(F)cc3)c3ccc(F)cc3)CC2)cc1,795.0,nM,CHEMBL326263,795.0,5.745480000000006,56.57,503.59300000000013,6.0996328713435295
CN(C)CCCN1c2ccccc2CCc2ccccc21,27.0,nM,CHEMBL11,27.0,3.8750000000000027,6.48,280.415,7.568636235841013
NCCCCCCCCCCCc1c[nH]cn1,251.19,nM,CHEMBL158352,251.19,3.421800000000002,54.7,237.391,6.599997654072044
CCOCCn1c(C(=O)C2CCN(CCC3(c4ccccc4)CCN(C(=O)c4cc(OC)c(OC)c(OC)c4)C3)CC2)nc2ccccc21,6.42,nM,CHEMBL322194,6.42,5.867500000000007,95.36000000000001,668.835,8.192464971931146
O=C(CCCc1ccccc1)N1CCN(CCCC(c2ccc(F)cc2)c2ccc(F)cc2)CC1,1930.0,nM,CHEMBL117537,1930.0,6.044000000000007,23.550000000000004,476.61100000000016,5.714442690992226
CN1CCN(C2=Nc3cc(F)ccc3Nc3ccc(F)cc32)CC1,1.0,nM,CHEMBL3609328,1.0,3.347500000000001,30.869999999999997,328.3660000000001,9.0
COc1ccc(CN(CCN(C)C)c2ccccn2)cc1,46.77,nM,CHEMBL511,46.77,2.658400000000001,28.6,285.391,7.3300326300914955
C[C@H]1C[C@H]2[C@@H]3CCC4=CC(=O)C=C[C@]4(C)[C@@]3(F)[C@@H](O)C[C@]2(C)[C@@]1(O)C(=O)COP(=O)(O)O,10060.0,nM,CHEMBL1201207,10060.0,2.0127000000000006,141.36,472.44600000000025,4.997402019280091
COc1ccc(OCC(O)CN2CCC(=C3c4ccc(Cl)cc4CCc4cccnc43)CC2)cc1,11.97,nM,CHEMBL4581995,11.97,5.179800000000005,54.82,491.0310000000003,7.921905849593589
CCC1(C)CC(=O)N(CCCCN2CCN(c3cccc4sccc34)CC2)C(=O)C1,253.0,nM,CHEMBL4286717,253.0,4.368800000000005,43.86000000000001,427.6140000000002,6.5968794788241825
COc1ccc(C2(CCN3CCC(C(=O)c4nc5ccccc5n4Cc4ccc(F)cc4)CC3)CCN(C(=O)c3cc(OC)c(OC)c(OC)c3)C2)cc1OC,6.48,nM,CHEMBL93556,6.48,7.0356000000000085,104.59000000000002,764.8950000000001,8.188424994129406
COc1ccc(CN(CCN(C)C)c2ccccn2)cc1,0.82,nM,CHEMBL511,0.82,2.658400000000001,28.6,285.391,9.086186147616283
OCCN1CCC(c2nc3ccccc3n2Cc2ccccn2)CC1,175.0,nM,CHEMBL5763459,175.0,2.651300000000001,54.18,336.4390000000001,6.756961951313706
COC(=O)COCCN1CCC(c2nc3ccccc3n2CCOc2ccccc2)CC1,195.0,nM,CHEMBL5963373,195.0,3.484300000000002,65.82000000000001,437.54000000000025,6.709965388637482
CNC(=O)c1cc(OCCCCN2CCC(c3noc4cc(F)ccc34)CC2)ccc1F,972.0,nM,CHEMBL3805518,972.0,4.5042000000000035,67.6,443.49400000000014,6.012333735073725
COc1cccc(OCC(O)CN2CCC(=C3c4ccc(Cl)cc4CCc4cccnc43)CC2)c1,8.14,nM,CHEMBL4451332,8.14,5.179800000000005,54.82,491.0310000000003,8.089375595110798
CC(C)(C)NS(=O)(=O)c1ccc(-c2sc(C(=O)N[C@H]3C[C@H](C(=O)O)C3)nc2CC2CCCCC2)c2ccccc12,1.7,nM,CHEMBL4128926,1.7,5.755900000000005,125.46000000000001,583.7760000000004,8.769551078621726
COc1cc(C(=O)N2CCC(CCN3CCC(C(=O)c4nc5ccccc5n4Cc4ccco4)CC3)(c3ccccc3)C2)cc(OC)c1OC,293.0,nM,CHEMBL95127,293.0,6.472300000000008,99.27000000000001,676.8140000000002,6.533132379645891
CCC(=O)N(c1ccccc1)C1CCN(CCc2ccccc2)CC1,147910.84,nM,CHEMBL596,147910.84,4.136700000000004,23.550000000000004,336.47900000000004,3.8299999965259595
COc1cc(C(=O)N2CCC(CCN3CCC(C(=O)c4nc5ccccc5[nH]4)CC3)(c3ccccc3)C2)cc(OC)c1OC,6.3,nM,CHEMBL330499,6.3,5.357600000000005,96.99000000000001,596.7280000000002,8.200659450546418
COc1cc(C(=O)N2CCC(CCN3CCC(C(=O)c4nc5ccccc5n4CCCCOc4ccccc4C(=O)O)CC3)(c3ccccc3)C2)cc(OC)c1OC,5.04,nM,CHEMBL430471,5.04,7.388400000000009,132.66,788.942,8.297569463554474
O=C(c1nc2ccccc2n1Cc1ccc(F)cc1)C1CCN(CCC2(c3ccc4c(c3)OCO4)CCN(C(=O)c3ccc(Cl)cc3Cl)C2)CC1,6.89,nM,CHEMBL96466,6.89,8.028100000000007,76.9,727.6640000000001,8.161780778092375
COc1cc(C(=O)N2CCC(CCN3CCC(C(=O)c4nc5ccccc5[nH]4)CC3)(c3ccc(Cl)c(Cl)c3)C2)cc(OC)c1OC,6.39,nM,CHEMBL320003,6.39,6.6644000000000085,96.99000000000001,665.618,8.1944991418416
COc1ccc(CN(CCN(C)C)c2ccccn2)cc1,1.9,nM,CHEMBL511,1.9,2.658400000000001,28.6,285.391,8.721246399047171
COc1cc(C(=O)N2CCC(CCN3CCC(C(=O)c4nc5ccccc5n4Cc4ccc(C(=O)O)cc4)CC3)(c3ccccc3)C2)cc(OC)c1OC.Cl,3420.0,nM,CHEMBL537027,3420.0,6.99930000000001,123.43000000000002,767.323,5.465973893943865
COc1ccc(CCN2CCC(=Nc3nc4ccccc4n3Cc3ccc(F)cc3)CC2)cc1,7.33,nM,CHEMBL98076,7.33,5.643300000000005,42.65,456.5650000000002,8.134896025358872
COc1cc(C(=O)N2CCC(CCN3CCC(C(=O)c4nc5ccccc5n4Cc4ccc(F)cc4)CC3)(c3ccc(Cl)c(Cl)c3)C2)cc(OC)c1OC,6.55,nM,CHEMBL97357,6.55,8.325200000000008,86.13000000000001,773.7329999999998,8.183758700008218
Cn1c(C2=CCN(CCCN3c4ccccc4Sc4ccc(CC(=O)O)cc43)CC2)cc(=O)n(C)c1=O,41.0,nM,CHEMBL551394,41.0,3.4932000000000007,87.78,518.6390000000004,7.3872161432802645
Cn1c(N2CCCN(CCCN3c4ccccc4Sc4ccc(CC(=O)O)cc43)CC2)cc(=O)n(C)c1=O,23.0,nM,CHEMBL559665,23.0,2.9162000000000017,91.02000000000001,535.6700000000004,7.638272163982407
CN1CCN2c3ccccc3Cc3ccccc3C2C1,3.388,nM,CHEMBL6437,3.388,3.0839000000000016,6.48,264.372,8.47005659834133
O=C(O)/C=C/C(=O)O.[2H]C([2H])(Cc1c[nH]c2ccccc12)N(C)C,340.0,nM,CHEMBL5398630,340.0,1.9838000000000002,93.62999999999998,306.3582035560001,6.468521082957745
CC(C)(C)c1ccc(C(O)CCCN2CCC(C(O)(c3ccccc3)c3ccccc3)CC2)cc1,1.0,nM,CHEMBL17157,1.0,6.445800000000008,43.7,471.6850000000001,9.0
COc1ccc(CN(CCN(C)C)c2ccccn2)cc1,1.5,nM,CHEMBL511,1.5,2.658400000000001,28.6,285.391,8.823908740944319
CNCC1CC2c3ccccc3Cc3ccccc3N2O1,10.72,nM,CHEMBL81485,10.72,3.0618000000000016,24.5,280.371,7.969805214643249
CN1CCc2c(c3cc(F)ccc3n2CCc2ccccc2)C1,131.0,nM,CHEMBL589148,131.0,4.011000000000003,8.17,308.40000000000003,6.882728704344236
Cc1ccc2c(c1)c1c(n2/C=C\c2ccccc2)CCN(C)C1,70.0,nM,CHEMBL605405,70.0,4.565520000000005,8.17,302.4210000000001,7.154901959985743
CC(C)NC(=O)N1CC[C@H](NC2=Nc3cc(F)ccc3N(CC(F)F)c3ccc(Cl)cc32)C1,13000.0,nM,CHEMBL3609372,13000.0,5.055900000000005,59.970000000000006,479.93400000000014,4.886056647693163
COc1cc(C(=O)N2CCC(CCN3CCC(C(=O)c4nc5ccccc5n4Cc4ccc(F)cc4)CC3)(c3ccc(F)cc3F)C2)cc(OC)c1OC,6.36,nM,CHEMBL264007,6.36,7.2966000000000095,86.13000000000001,740.823,8.196542884351587
CC(=O)N1CCC(=C2c3ccc(Cl)cc3CCc3cccnc32)CC1,100.0,nM,CHEMBL10971,100.0,4.277800000000004,33.2,352.8650000000001,7.0
CCN(CC)C(=O)N[C@H]1C=C2c3cccc4[nH]cc(c34)C[C@H]2N(C)C1,160.0,nM,CHEMBL157138,160.0,2.841400000000001,51.370000000000005,338.45500000000015,6.795880017344075
O=c1n(CCCCN2CCN(c3cccc4sccc34)CC2)nc2c(F)cccn12,30.9,nM,CHEMBL4644352,30.9,3.452200000000002,45.78,425.5330000000002,7.510041520575165
CN1C[C@H](CNC(=O)OCc2ccccc2)C[C@@H]2c3cccc4c3c(cn4C)C[C@H]21,4133.0,nM,CHEMBL19215,4133.0,4.064700000000003,46.50000000000001,403.5260000000002,5.383734594718292
COc1cc(C(=O)N2CC[C@](CCN3CCC(C(N)=O)(c4ccccc4)CC3)(c3ccc(Cl)c(Cl)c3)C2)cc(OC)c1OC,10000.0,nM,CHEMBL330366,10000.0,5.712300000000005,94.33000000000001,640.6080000000001,5.0
Cc1nc2n(c(=O)c1CCN1CCC(c3noc4cc(F)ccc34)CC1)CCCC2,868.0,nM,CHEMBL85,868.0,3.5904200000000026,64.16,410.4930000000003,6.061480274823508
CN1CCc2c(c3ccccc3n2/C=C\c2ccccc2)C1,33.0,nM,CHEMBL599913,33.0,4.257100000000003,8.17,288.39400000000006,7.481486060122112
CC(C(=O)O)c1ccc2c(c1)N(CCCN1CCCN(c3cc(=O)n(C)c(=O)n3C)CC1)c1ccccc1CO2,128.0,nM,CHEMBL1774494,128.0,2.9050000000000002,100.25000000000001,547.6560000000002,6.892790030352131
Cn1c(N2CCN(CCCN3c4ccccc4COc4ccc(CC(=O)O)cc43)CC2)cc(=O)n(C)c1=O,255.0,nM,CHEMBL1774492,255.0,1.9538999999999995,100.25,519.6020000000004,6.5934598195660445
COc1cc(C(=O)N2CCC(CCN3CCC(C(=O)c4nc5ccccc5n4CCCOc4ccccc4C(=O)O)CC3)(c3ccccc3)C2)cc(OC)c1OC.Cl,9447.0,nM,CHEMBL542908,9447.0,7.4201000000000095,132.66,811.3760000000001,5.024706084643793
NCCCCCCCCCCc1c[nH]cn1,501.19,nM,CHEMBL94249,501.19,3.0317000000000016,54.7,223.364,6.299997602857746
Clc1ccc2c(c1)C(N1CCNCC1)=Nc1ccccc1O2,99.0,nM,CHEMBL1113,99.0,3.4292000000000025,36.86,313.788,7.00436480540245
CN(C)CC[C@@H](c1ccc(Cl)cc1)c1ccccn1,6.288,nM,CHEMBL1201353,6.288,3.8186000000000027,16.130000000000003,274.795,8.201487466968649
Cn1c(N2CCCN(CCCN3c4ccccc4COc4ccc(C(=O)O)cc43)CC2)cc(=O)n(C)c1=O,41.0,nM,CHEMBL1774491,41.0,2.4151000000000007,100.25,519.6020000000003,7.3872161432802645
CN(C)CC1CC2c3c(cccc3C(F)(F)F)Cc3ccccc3N2O1,47.86,nM,CHEMBL84810,47.86,4.422800000000004,15.71,362.39500000000004,7.320027305722581
CN(C)CC1CC2c3cc(F)ccc3Cc3ccccc3N2O1,3.802,nM,CHEMBL314885,3.802,3.5431000000000026,15.71,312.38800000000003,8.419987887470576
COc1cc(C(=O)N2CCC(CCN3CCC(C(=O)c4nc5ccccc5n4Cc4ccccn4)CC3)(c3ccccc3)C2)cc(OC)c1OC,366.0,nM,CHEMBL96442,366.0,6.274300000000007,99.02000000000001,687.8410000000001,6.436518914605589
Cc1nc2n(c(=O)c1CCN1CCN(c3cccc4sccc34)CC1)CCCC2(F)F.Cl,162.0,nM,CHEMBL4087132,162.0,4.438520000000005,41.370000000000005,481.0120000000002,6.790484985457369
CC(C)(C)c1ccc(C(O)CCCN2CCC(C(O)(c3ccccc3)c3ccccc3)CC2)cc1,22.0,nM,CHEMBL17157,22.0,6.445800000000008,43.7,471.6850000000001,7.657577319177793
COc1ccc(CCN2CCC(C(=O)c3nc4ccccc4n3Cc3ccc(F)cc3)CC2)cc1,59.0,nM,CHEMBL95051,59.0,5.369700000000005,47.36,471.5760000000002,7.229147988357855
COC(=O)c1ccc(Cn2c(C(=O)C3CCN(CCC4(c5ccc(OC)c(OC)c5)CCN(C(=O)c5cc(OC)c(OC)c(OC)c5)C4)CC3)nc3ccccc32)cc1,6.02,nM,CHEMBL95243,6.02,6.6831000000000085,130.89000000000001,804.9409999999999,8.220403508742175
CN1CCC(=C2c3ccccc3CC(=O)c3sccc32)CC1.O=C(O)/C=C/C(=O)O,1.0,nM,CHEMBL1633,1.0,3.7262000000000013,94.91000000000001,425.5060000000002,9.0
Cn1c(N2CCN(CCCN3c4ccccc4Sc4ccc(CCC(=O)O)cc43)CC2)cc(=O)n(C)c1=O,105.0,nM,CHEMBL560917,105.0,2.916200000000001,91.02000000000001,535.6700000000004,6.978810700930062
Cn1c(N2CCN(CCCCN3c4ccccc4Sc4ccc(C(=O)O)cc43)CC2)cc(=O)n(C)c1=O,35.0,nM,CHEMBL552057,35.0,2.987300000000001,91.02000000000001,521.6430000000004,7.455931955649724
COc1cc(C(=O)N2CCC(CCN3CCC(C(=O)c4nc5ccccc5n4Cc4ccc(F)cc4)CC3)(c3ccc(C(F)(F)F)cc3)C2)cc(OC)c1OC,473.0,nM,CHEMBL94834,473.0,8.03720000000001,86.13000000000001,772.84,6.325138859262188
COc1cc(C(=O)N2CCC(CCN3CCC(C(=O)c4nc5ccccc5n4Cc4ccncc4)CC3)(c3ccccc3)C2)cc(OC)c1OC,285.0,nM,CHEMBL330719,285.0,6.274300000000007,99.02000000000001,687.8410000000001,6.54515513999149
CN1CCc2c(c3cc(Br)ccc3n2CCc2ccccn2)C1,120.0,nM,CHEMBL1783957,120.0,4.0294000000000025,21.060000000000002,370.29400000000015,6.920818753952375
CN1CCc2c(c3cc(F)ccc3n2CCc2ccncc2)C1,120.0,nM,CHEMBL1783967,120.0,3.4060000000000024,21.060000000000002,309.38800000000003,6.920818753952375
CN1CCc2c(c3cc(F)ccc3n2CCc2ccccn2)C1,610.0,nM,CHEMBL1783956,610.0,3.4060000000000024,21.060000000000002,309.38800000000003,6.214670164989233
CN1CCc2c(c3cc(F)ccc3n2CCc2cccnc2)C1,650.0,nM,CHEMBL1783961,650.0,3.4060000000000024,21.060000000000002,309.38800000000003,6.187086643357144
CN(C)CCC(c1ccc(Cl)cc1)c1ccccn1,66.0,nM,CHEMBL505,66.0,3.8186000000000027,16.130000000000003,274.795,7.180456064458132
CCN(CC)CCCCCCn1c2ccccc2c(=O)c2ccccc21,3600.0,nM,CHEMBL491889,3600.0,5.056900000000005,25.240000000000002,350.5060000000001,5.443697499232712
Cc1cccc(C(=O)N[C@H]2CC[C@@H](Nc3ncc(C)c(N(C)C)n3)CC2)c1,1600.0,nM,CHEMBL567993,1600.0,3.312540000000002,70.15,367.4970000000002,5.795880017344075
CN1CCc2c(c3ccccc3n2CCc2cccnc2)C1,100.0,nM,CHEMBL1783959,100.0,3.2669000000000024,21.060000000000002,291.398,7.0
Cc1ccc(CCn2c3c(c4cc(F)ccc42)CN(C)CC3)cn1,110.0,nM,CHEMBL1783963,110.0,3.7144200000000023,21.060000000000002,323.41500000000013,6.958607314841775
CN1CCc2c(c3cc(C(F)(F)F)ccc3n2CCc2ccncc2)C1,220.0,nM,CHEMBL1783968,220.0,4.285700000000003,21.060000000000002,359.3950000000001,6.657577319177793
Cc1ccc2c(c1)c1c(n2CCc2cnccn2)CCN(C)C1,320.0,nM,CHEMBL1783970,320.0,2.970320000000001,33.95,306.41300000000007,6.494850021680094
COc1ccc2c(c1)c1c(n2CCc2ccncc2)CCN(C)C1,390.0,nM,CHEMBL1783966,390.0,3.275500000000002,30.29,321.42400000000015,6.4089353929735005
CN1CCc2c(c3ccccc3n2CCc2cccnc2)C1,410.0,nM,CHEMBL1783959,410.0,3.2669000000000024,21.060000000000002,291.398,6.3872161432802645
CN1CCc2c(c3ccccc3n2CCc2ccncc2)C1,500.0,nM,CHEMBL1783964,500.0,3.2669000000000024,21.060000000000002,291.398,6.301029995663981
CN1CCc2c(c3cc(C(F)(F)F)ccc3n2CCc2ccccn2)C1,1590.0,nM,CHEMBL1783958,1590.0,4.285700000000004,21.060000000000002,359.3950000000001,5.798602875679548
Cc1ccc2c(c1)c1c(n2CCc2ccncc2)CCN(C)C1,3980.0,nM,CHEMBL1783965,3980.0,3.5753200000000014,21.060000000000002,305.42500000000007,5.400116927926312
COc1ccc(CCN2CCC(C(=O)c3nc4ccccc4n3Cc3ccc(F)cc3)CC2)cc1,7.23,nM,CHEMBL95051,7.23,5.369700000000005,47.36,471.5760000000002,8.14086170270547
COc1cc(C(=O)N2CCC(CCN3CCC(C(=O)c4nc5ccccc5n4Cc4ccccn4)CC3)(c3ccc(F)cc3)C2)cc(OC)c1OC,6.25,nM,CHEMBL94480,6.25,6.413400000000007,99.02000000000001,705.8310000000001,8.204119982655925
COc1ccc(C2(CCN3CCC(C(=O)c4nc5ccccc5n4Cc4ccccn4)CC3)CCN(C(=O)c3cc(OC)c(OC)c(OC)c3)C2)cc1,6.3,nM,CHEMBL93519,6.3,6.282900000000007,108.25000000000001,717.8670000000002,8.200659450546418
COc1ccc(CCn2c3c(c4cc(C)ccc42)CN(C)CC3)cc1,66.0,nM,CHEMBL589147,66.0,4.188920000000003,17.4,334.4630000000001,7.180456064458132
COc1cc(C(=O)N2CCC(CCN3CCC(C(=O)c4nc5ccccc5n4Cc4ccc(F)cc4)CC3)(c3ccc(Cl)c(Cl)c3)C2)cc(OC)c1OC.O=C(O)/C=C/C(=O)O,124.0,nM,CHEMBL330430,124.0,8.03700000000001,160.73000000000002,889.805,6.906578314837765
Cc1nc2n(c(=O)c1CCN1CCC(c3noc4cc(F)ccc34)CC1)CCCC2,25.0,nM,CHEMBL85,25.0,3.5904200000000026,64.16,410.4930000000003,7.6020599913279625
CN1CCC[C@@H]1CCO[C@](C)(c1ccccc1)c1ccc(Cl)cc1,0.421,nM,CHEMBL1626,0.421,5.104400000000005,12.47,343.898,9.37571790416433
COc1cc(C(=O)N2CCC(CCN3CCC(C(=O)c4nc5ccccc5n4Cc4cccnc4)CC3)(c3ccccc3)C2)cc(OC)c1OC,6.38,nM,CHEMBL330172,6.38,6.274300000000007,99.02000000000001,687.8410000000001,8.195179321278838
O=C(Nc1ccccc1OCC(O)CN1CCC(Oc2ccc(Cl)c(Cl)c2)CC1)C1CCC1,5011.87,nM,CHEMBL2208416,5011.87,5.015100000000005,71.03,493.43100000000027,5.300000202445418
CC(F)(F)COc1ncncc1CNc1ncc(C#N)c(N[C@@H]2CC[C@H](O)C(C)(C)C2)n1,11000.0,nM,CHEMBL4873647,11000.0,3.135880000000001,128.87,447.4900000000003,4.958607314841775
Cc1ccc2c(c1)c1c(n2CCc2ccccn2)CCN(C)C1,10000.0,nM,CHEMBL1783954,10000.0,3.5753200000000014,21.060000000000002,305.42500000000007,5.0
Cn1c(N2CCCN(CC/C=C3/c4ccccc4CCc4ccc(CC(=O)O)cc43)CC2)cc(=O)n(C)c1=O,135.0,nM,CHEMBL1774506,135.0,2.8438000000000017,87.78,528.6530000000004,6.8696662315049934
CC(C)(C(=O)O)c1ccc(CCCN2CCC(=C3c4ccc(Cl)cc4CCc4cccnc43)CC2)cc1,19.25,nM,CHEMBL5556597,19.25,6.726300000000007,53.43,515.0970000000002,7.71556926615548
COC1Cc2ccccc2C2(CCN(CCCc3ccccc3)CC2)O1,8000.0,nM,CHEMBL138458,8000.0,4.155700000000004,21.700000000000003,351.49,5.096910013008056
O=C1NCN(c2ccccc2)C12CCN(Cc1cccc(Oc3ccccc3)c1)CC2,496.0,nM,CHEMBL115280,496.0,4.407400000000004,44.81,413.52100000000013,6.304518323509803
O=C(OCCc1ccc(F)cc1)N1CCN(CCCC(c2ccc(F)cc2)c2ccc(F)cc2)CC1,1280.0,nM,CHEMBL325516,1280.0,6.012900000000006,32.78,496.5730000000002,5.892790030352131
NCCCCCCCCCc1c[nH]cn1,1995.26,nM,CHEMBL345185,1995.26,2.6416000000000004,54.7,209.33700000000002,5.700000503883016
NCCCCCCCCc1c[nH]cn1,3162.28,nM,CHEMBL90063,3162.28,2.2515,54.7,195.31000000000003,5.499999678657065
COc1cc(C(=O)N2CCC(CCN3CCC(C(=O)c4nc5ccccc5n4Cc4ccc(F)cc4)CC3)(c3ccc(F)cc3F)C2)cc(OC)c1OC,436.0,nM,CHEMBL264007,436.0,7.2966000000000095,86.13000000000001,740.823,6.360513510731414
Cn1c(N2CCCN(CCCN3c4ccccc4CCc4ccc(C(C)(C)C(=O)O)cc43)CC2)cc(=O)n(C)c1=O,75.0,nM,CHEMBL1774499,75.0,3.285300000000002,91.02000000000001,559.7110000000004,7.1249387366083
NCCCCCCCCCCc1cccnc1,2511.89,nM,CHEMBL157842,2511.89,3.7036000000000024,38.91,234.387,5.59999938302362
NCCc1c[nH]c(CCC(c2ccccc2)c2ccccc2)n1,794.33,nM,CHEMBL275507,794.33,3.675600000000003,54.7,305.425,6.0999990348465305
C[C@H](c1cccnc1)c1c(CCN(C)C)sc2ccccc12,3500.0,nM,CHEMBL1091777,3500.0,4.5522000000000045,16.130000000000003,310.466,5.455931955649724
CNC(=O)c1cc(OCCCCN2CCC(c3noc4cc(F)ccc34)CC2)ccn1,4420.0,nM,CHEMBL4210030,4420.0,3.760100000000002,80.49,426.49200000000013,5.354577730650908
O=C1CCc2ccc(OCCCCN3CCN(c4cccc(Cl)c4Cl)CC3)cc2N1,420.0,nM,CHEMBL1112,420.0,4.859300000000005,44.81,448.39400000000006,6.376750709602099
O=C(O)Cc1ccc(OCCN2CCC(c3nc4ccccc4n3CCOc3ccccc3)CC2)cc1,271.0,nM,CHEMBL5767182,271.0,5.000800000000005,76.82000000000001,499.6110000000002,6.567030709125595
Cc1cc(Oc2nccc3occc23)ccc1-c1c(C)ncc2nccn12,4600.0,nM,CHEMBL4277264,4600.0,4.946640000000004,65.45,356.38500000000005,5.337242168318426
CN(C)CCOC(c1ccccc1)c1ccccc1,84000.0,nM,CHEMBL657,84000.0,3.3542000000000023,12.47,255.36100000000002,4.075720713938118
CC(C(O)c1ccc(O)cc1)N1CCC(Cc2ccccc2)CC1,1000.0,nM,CHEMBL305187,1000.0,3.7688000000000033,43.7,325.45200000000006,6.0
N#Cc1ccc(CCOC(=O)NC2CCN(CCCC(c3ccc(F)cc3)c3ccc(F)cc3)CC2)cc1,454.0,nM,CHEMBL116463,454.0,6.181880000000007,65.36,517.6200000000002,6.342944147142896
COc1ccc(CN(CCN(C)C)c2ccccn2)cc1,158.49,nM,CHEMBL511,158.49,2.658400000000001,28.6,285.391,6.799998134593398
CN(C)CC1(C)CC2c3ccccc3Cc3ccccc3N2O1,61.66,nM,CHEMBL82714,61.66,3.794100000000003,15.71,308.42500000000007,7.209996479609511
CN(C)CC1(C)CC2c3ccccc3Cc3ccccc3N2O1,1.66,nM,CHEMBL82714,1.66,3.794100000000003,15.71,308.42500000000007,8.779891911959945
CN(C)CCCN1c2ccccc2CCc2ccc(Cl)cc21,85.0,nM,CHEMBL415,85.0,4.528400000000004,6.48,314.86,7.070581074285707
Nn1c(CCCCN2CCN(c3ccc4ccccc4n3)CC2)nc2c(c1=O)CCCC2,1000.0,nM,CHEMBL1278088,1000.0,2.529,80.28,432.5720000000004,6.0
CNC(=O)c1cc(OCCCCN2CCN(c3nsc4ccccc34)CC2)ccn1,923.0,nM,CHEMBL4213342,923.0,3.0321000000000016,70.59,425.5580000000001,6.034798298974088
CCOCCn1c(C2CCN(CCOc3ccc(CC(=O)O)cc3)CC2)nc2ccccc21,1990.0,nM,CHEMBL5990007,1990.0,3.958300000000003,76.82000000000001,451.56700000000023,5.701146923590294
COc1ccc(C2(CCN3CCC(C(=O)c4nc5ccccc5n4Cc4ccc(F)cc4)CC3)CCN(C(=O)c3cc(OC)c(OC)c(OC)c3)C2)cc1OC,309.0,nM,CHEMBL93556,309.0,7.0356000000000085,104.59000000000002,764.8950000000001,6.510041520575165
COc1cc(C(=O)N2CCC(CCN3CCC(C(=O)c4nc5ccccc5n4Cc4ccc(F)cc4)CC3)(c3ccccc3)C2)cc(OC)c1OC.O=C(O)/C=C/C(=O)O,233.0,nM,CHEMBL431458,233.0,6.730200000000007,160.73000000000002,820.9150000000001,6.632644078973981
CCOc1ccc(CCNC(=O)N2CCN(CCCC(c3ccc(F)cc3)c3ccc(F)cc3)CC2)cc1,1820.0,nM,CHEMBL113956,1820.0,5.845500000000006,44.81,521.6520000000003,5.739928612014925
Cc1ccc2c(c1)c1c(n2CCc2cccnc2)CCN(C)C1,500.0,nM,CHEMBL1783960,500.0,3.5753200000000014,21.060000000000002,305.42500000000007,6.301029995663981
Cc1ccc(CCn2c3c(c4cc(F)ccc42)CN(C)CC3)cn1,730.0,nM,CHEMBL1783963,730.0,3.7144200000000023,21.060000000000002,323.41500000000013,6.136677139879544
CN1CCc2c(c3cc(F)ccc3n2CCc2cccnc2)C1,930.0,nM,CHEMBL1783961,930.0,3.4060000000000024,21.060000000000002,309.38800000000003,6.031517051446065
Cn1c(N2CCCN(CCCN3c4ccccc4COc4ccc(CC(=O)O)cc43)CC2)cc(=O)n(C)c1=O,128.0,nM,CHEMBL1774493,128.0,2.3440000000000003,100.25,533.6290000000004,6.892790030352131
Cc1ccccc1C(OCCN(C)C)c1ccccc1,97723.72,nM,CHEMBL900,97723.72,3.662620000000003,12.47,269.388,4.010000009312982
CCN(CC)CCOC(=O)C(c1ccccc1)c1ccccc1,112201.85,nM,CHEMBL353846,112201.85,3.7035000000000027,29.54,311.425,3.949999982311873
CN1[C@@H](CC(=O)c2ccccc2)CCC[C@H]1C[C@H](O)c1ccccc1,44668.36,nM,CHEMBL122270,44668.36,4.236000000000003,40.540000000000006,337.463,4.349999992368662
Cc1ccc(N(CC2=NCCN2)c2cccc(O)c2)cc1,316227.77,nM,CHEMBL597,316227.77,2.840420000000001,47.86,281.35900000000004,3.4999999945296856
CN(C)CCCN1c2ccccc2Sc2ccccc21,2454.71,nM,CHEMBL564,2454.71,4.241000000000003,6.48,284.42800000000005,5.6099998081597775
OC(CCN1CCCC1)(c1ccccc1)C1CCCCC1,17782.79,nM,CHEMBL86715,17782.79,3.940400000000003,23.47,287.4470000000001,4.750000100140428
Clc1ccc(CNCC[C@H]2C[C@@H]2c2c[nH]cn2)cc1,8500.0,nM,CHEMBL214311,8500.0,3.3465000000000016,40.71,275.783,5.070581074285707
Cc1nc2n(c(=O)c1CCN1CCC(c3noc4cc(F)ccc34)CC1)CCCC2,454.0,nM,CHEMBL85,454.0,3.5904200000000026,64.16,410.4930000000003,6.342944147142896
COc1ccc(CN(CCN(C)C)c2ccccn2)cc1,0.014,nM,CHEMBL511,0.014,2.658400000000001,28.6,285.391,10.853871964321762
CN(C)CC/C=C1/c2ccccc2Sc2ccc(Cl)cc21,870.96,nM,CHEMBL908,870.96,5.188000000000004,3.24,315.869,6.060001790087838
CNCCC=C1c2ccccc2CCc2ccccc21,50.0,nM,CHEMBL445,50.0,3.826400000000003,12.03,263.38399999999996,7.301029995663981
CN1C2CCCC1CC(Nc1ccccc1Br)C2,201.0,nM,CHEMBL4519018,201.0,3.876300000000003,15.27,309.2510000000001,6.696803942579511
OC[C@H](O)CN1CCC(=C2c3ccc(Cl)cc3CCc3cccnc32)CC1,1.97,nM,CHEMBL5557294,1.97,3.084500000000001,56.59,384.90700000000027,8.705533773838408
CN(C)CCC=C1c2ccccc2COc2ccccc21,0.57,nM,CHEMBL1628227,0.57,3.9624000000000033,12.47,279.383,9.244125144327509
CC(CN1c2ccccc2Sc2ccccc21)N(C)C,2.871,nM,CHEMBL643,2.871,4.239400000000003,6.48,284.428,8.541966807503494
CN(C)CCOC(c1ccccc1)c1ccccc1,84000.0,nM,CHEMBL657,84000.0,3.3542000000000023,12.47,255.36100000000002,4.075720713938118
COc1ccccc1OCC(O)CN1CCC(=C2c3ccc(Cl)cc3CCc3cccnc32)CC1,2.95,nM,CHEMBL4446961,2.95,5.1798000000000055,54.82,491.0310000000003,8.530177984021837
COc1ccccc1OC[C@@H](O)CN1CCC(=C2c3ccc(Cl)cc3CCc3cccnc32)CC1,4.56,nM,CHEMBL4467816,4.56,5.1798000000000055,54.82,491.0310000000003,8.341035157335565
O=[N+]([O-])c1ccccc1OCC(O)CN1CCC(=C2c3ccc(Cl)cc3CCc3cccnc32)CC1,52.85,nM,CHEMBL4445636,52.85,5.079400000000005,88.73,506.0020000000003,7.276955008356555
Clc1ccc2c(c1)CCc1cccnc1C2=C1CCNCC1,1.84,nM,CHEMBL1172,1.84,4.018900000000002,24.92,310.8280000000001,8.735182176990463
OC(COc1ccccc1OC(F)(F)F)CN1CCC(=C2c3ccc(Cl)cc3CCc3cccnc32)CC1,36.71,nM,CHEMBL4557928,36.71,6.069800000000006,54.82,545.0010000000002,7.435215615496014
CC(C)(C(=O)O)c1cccc(CCCN2CCC(=C3c4ccc(Cl)cc4CCc4cccnc43)CC2)c1,24.12,nM,CHEMBL5559786,24.12,6.726300000000007,53.43,515.0970000000002,7.617622696531886
NCC1CC2c3ccccc3Cc3ccccc3N2O1,199.53,nM,CHEMBL83731,199.53,2.801100000000001,38.489999999999995,266.344,6.699991797446187
CN(C)CC1CC2c3ccccc3Cc3ccccc3N2O1,6.761,nM,CHEMBL83658,6.761,3.4040000000000026,15.71,294.398,8.169989064063882
CN(C1CCOCC1)C1CCN(c2nc3ccccc3n2Cc2ccc(F)cc2)CC1,3.3,nM,CHEMBL564446,3.3,4.303300000000004,33.53,422.54800000000023,8.481486060122112
CCOCCn1c(C2CCN(CCc3ccc(C(C)(C)C)cc3)CC2)nc2ccccc21,424.0,nM,CHEMBL1742403,424.0,5.792400000000007,30.29,433.6400000000002,6.372634143407267
CCC(C(=O)O)c1ccc2c(c1)N(CCCN1CCCN(c3cc(=O)n(C)c(=O)n3C)CC1)c1ccccc1S2,41.0,nM,CHEMBL563647,41.0,3.867300000000003,91.02000000000001,563.7240000000003,7.3872161432802645
Cn1c(N2CCN(CCCN3c4ccccc4Sc4ccc(C(=O)O)cc43)CC2)cc(=O)n(C)c1=O,37.0,nM,CHEMBL551457,37.0,2.597200000000001,91.02000000000001,507.6160000000004,7.431798275933005
Cn1c(NCCCN2CCC(Oc3ccc(Cl)c(Cl)c3)CC2)cc(=O)n(C)c1=O,58.0,nM,CHEMBL560120,58.0,2.7362,68.5,441.35900000000026,7.236572006437063
Cn1c(N2CCCN(CCCN3c4cc(C(=O)O)ccc4COc4ccccc43)CC2)cc(=O)n(C)c1=O,530.0,nM,CHEMBL1774496,530.0,2.4151,100.25,519.6020000000003,6.275724130399211
Cn1c(N2CCN(CCCN3c4ccccc4COc4ccc(C(=O)O)cc43)CC2)cc(=O)n(C)c1=O,140.0,nM,CHEMBL1774490,140.0,2.0249999999999995,100.25,505.5750000000004,6.853871964321762
Cc1ccc2c(c1)c1c(n2CCc2ccncc2)CCN(C2CCN(C)CC2)C1,7570.0,nM,CHEMBL1783975,7570.0,4.039720000000003,24.300000000000004,388.55900000000025,5.120904120499927
CC[C@]12CCCN(C(=O)c3cccc(Br)c3)CCc3c(n(c4ccccc34)C(=O)C1)[C@@H]2OC,4160.0,nM,CHEMBL4527708,4160.0,6.010300000000005,51.540000000000006,509.44400000000036,5.380906669373257
COc1ccc(CCn2c3c(c4cc(F)ccc42)CN(C)CC3)cc1,32.0,nM,CHEMBL589150,32.0,4.019600000000003,17.4,338.4260000000001,7.494850021680094
C[C@@H](c1ccccn1)c1c(CCN2CCCC2)sc2ccccc12,6100.0,nM,CHEMBL1091774,6100.0,5.086400000000005,16.130000000000003,336.50399999999996,5.214670164989233
CNC(=O)c1cc(OCCCCN2CCN(c3cccc4sccc34)CC2)ccn1,418.0,nM,CHEMBL4209188,418.0,3.637100000000002,57.7,424.5700000000001,6.3788237182249645
Cc1nc2n(c(=O)c1CCN1CCC(c3noc4cc(F)ccc34)CC1)CCCC2,454.0,nM,CHEMBL85,454.0,3.5904200000000026,64.16,410.4930000000003,6.342944147142896
COC(=O)C(C)(C)c1cnnn1CCN1CCC(=C2c3ccc(Cl)cc3CCc3cccnc32)CC1,66.93,nM,CHEMBL5554991,66.93,4.473600000000004,73.14,506.0500000000003,7.1743791749965
CN(C)CCc1c[nH]c2ccccc12.O=C(O)/C=C/C(=O)O,520.0,nM,CHEMBL3183055,520.0,1.9838000000000002,93.63000000000001,304.34600000000006,6.2839966563652006
Clc1ccc2c(c1)CCc1cccnc1C2=C1CCNCC1,0.83,nM,CHEMBL1172,0.83,4.018900000000002,24.92,310.8280000000001,9.080921907623926
O=C1Cc2ccccc2C(=C2CCNCC2)c2ccsc21,11000.0,nM,CHEMBL1197564,11000.0,3.672200000000003,29.1,295.4069999999999,4.958607314841775
CSc1ccc2c(c1)N(CCC1CCCCN1C)c1ccccc1S2,72.0,nM,CHEMBL479,72.0,5.885600000000005,6.48,370.587,7.142667503568731
CC(CN1c2ccccc2Sc2ccccc21)N(C)C,5.4,nM,CHEMBL643,5.4,4.239400000000003,6.48,284.428,8.267606240177031
O[C@H]1Cc2ccccc2C(=C2CCNCC2)c2ccsc21,17000.0,nM,CHEMBL3929465,17000.0,3.5229000000000026,32.26,297.42299999999994,4.769551078621726
CN(c1ccccc1)C1CCN(c2nc3ccccc3n2Cc2ccc(F)cc2)CC1,80.5,nM,CHEMBL561690,80.5,5.328900000000005,24.3,414.5280000000002,7.094204119632131
NCCc1c[nH]c(-c2ccc(Cl)c(Cl)c2)n1,50118.72,nM,CHEMBL154068,50118.72,2.8847000000000005,54.7,256.13599999999997,4.300000029139088
COc1ccccc1OC[C@H](O)CN1CCC(=C2c3ccc(Cl)cc3CCc3cccnc32)CC1,3.67,nM,CHEMBL4591702,3.67,5.1798000000000055,54.82,491.0310000000003,8.435333935747911
Cc1ccccc1OCC(O)CN1CCC(=C2c3ccc(Cl)cc3CCc3cccnc32)CC1,8.9,nM,CHEMBL4539150,8.9,5.479620000000006,45.59,475.03200000000027,8.050609993355087
CCOc1ccccc1OCC(O)CN1CCC(=C2c3ccc(Cl)cc3CCc3cccnc32)CC1,17.65,nM,CHEMBL4473399,17.65,5.569900000000006,54.82,505.0580000000002,7.753255290276159
CN(C)CC/C=C1/c2ccccc2Sc2ccc(Cl)cc21,1.0,nM,CHEMBL908,1.0,5.188000000000004,3.24,315.869,9.0
Cc1nc2n(c(=O)c1CCN1CCN(c3cccc4sccc34)CC1)CCCC2O,177.0,nM,CHEMBL4102670,177.0,2.958320000000002,61.60000000000001,424.5700000000002,6.752026733638194
Cc1nc2n(c(=O)c1CCN1CCN(c3cccc4sccc34)CC1)CCCC2F,123.0,nM,CHEMBL4104261,123.0,3.935520000000003,41.370000000000005,426.5610000000002,6.910094888560602
Cc1ccc2c(c1)c1c(n2CCc2ccncc2)CCN(C)C1,160.0,nM,CHEMBL1783965,160.0,3.5753200000000014,21.060000000000002,305.42500000000007,6.795880017344075
CN1CCc2c(c3cc(F)ccc3n2CCc2ccncc2)C1,470.0,nM,CHEMBL1783967,470.0,3.4060000000000024,21.060000000000002,309.38800000000003,6.327902142064283
CN1CCc2c(c3cc(F)ccc3n2CCc2ccccn2)C1,940.0,nM,CHEMBL1783956,940.0,3.4060000000000024,21.060000000000002,309.38800000000003,6.026872146400302
CN1CCc2c(c3cc(C#N)ccc3n2CCc2ccccn2)C1,1290.0,nM,CHEMBL1783971,1290.0,3.138580000000002,44.85,316.408,5.889410289700751
Cc1ccc2c(c1)c1c(n2CCc2ccc(C)nc2)CCN(C)C1,1580.0,nM,CHEMBL589390,1580.0,3.883740000000002,21.060000000000002,319.4520000000001,5.801342913045577
Cc1ccc2c(c1)c1c(n2CCc2cccnc2)CCN(C2CCN(C)CC2)C1,2790.0,nM,CHEMBL1783974,2790.0,4.039720000000003,24.300000000000004,388.55900000000025,5.554395796726403
Cc1ccc2c(c1)c1c(n2CCc2cccnc2)CCN(C)C1,3160.0,nM,CHEMBL1783960,3160.0,3.5753200000000014,21.060000000000002,305.42500000000007,5.5003129173815966
Cc1nc2n(c(=O)c1CCN1CCC(c3noc4cc(F)ccc34)CC1)CCCC2,454.0,nM,CHEMBL85,454.0,3.5904200000000026,64.16,410.4930000000003,6.342944147142896
CCOCCn1c(C2CCN(CCO)CC2)nc2ccccc21,25.0,nM,CHEMBL5869389,25.0,2.2445000000000004,50.519999999999996,317.433,7.6020599913279625
O=C1CCc2ccc(OCCCCN3CCN(c4cccc(Cl)c4Cl)CC3)cc2N1,420.0,nM,CHEMBL1112,420.0,4.859300000000005,44.81,448.39400000000006,6.376750709602099
Cc1nc2n(c(=O)c1CCN1CCC(c3noc4cc(F)ccc34)CC1)CCCC2,454.0,nM,CHEMBL85,454.0,3.5904200000000026,64.16,410.4930000000003,6.342944147142896
COc1ccc(CCN2CCC(C(=O)c3nc4ccccc4n3Cc3ccc(F)cc3)CC2)cc1,59.0,nM,CHEMBL95051,59.0,5.369700000000005,47.36,471.5760000000002,7.229147988357855
COc1cc(C(=O)N2CC[C@](CCN3CCC(C(N)=O)(c4ccccc4)CC3)(c3ccc(Cl)c(Cl)c3)C2)cc(OC)c1OC,3.0,nM,CHEMBL330366,3.0,5.712300000000005,94.33000000000001,640.6080000000001,8.522878745280337
Cc1nc2n(c(=O)c1CCN1CCN(c3cccc4sccc34)CC1)CCCC2,127.0,nM,CHEMBL4083333,127.0,3.4674200000000015,41.370000000000005,408.57100000000025,6.896196279044043
CC(C)(C(=O)O)c1cccc(CC(O)CN2CCC(=C3c4ccc(Cl)cc4CCc4cccnc43)CC2)c1,57.23,nM,CHEMBL5555844,57.23,5.697100000000005,73.66,531.0960000000002,7.242376254091611
CC(C)(C(=O)O)c1ccc(CCCN2CCC(=C3c4ccc(Cl)cc4CCc4cccnc43)CC2)c(F)c1,21.81,nM,CHEMBL5568499,21.81,6.865400000000007,53.43,533.0870000000002,7.661344334421299
CCOC(=O)N1CCC(=C2c3ccc(Cl)cc3CCc3cccnc32)CC1,290.0,nM,CHEMBL998,290.0,4.887800000000005,42.43,382.89100000000025,6.5376020021010435
Cc1cc(OCCN(C)C)nc2ccc(NC(=O)COc3ccc(Cl)cc3Cl)cc12,3.5,nM,CHEMBL194837,3.5,4.807920000000005,63.69,448.3500000000002,8.455931955649724
CC(C)(C)c1ccc(C(=O)CCCN2CCC(OC(c3ccccc3)c3ccccc3)CC2)cc1,28.3,nM,CHEMBL305660,28.3,7.217600000000008,29.540000000000003,469.6690000000001,7.548213564475709
CN(C)CCC=C1c2ccccc2CCc2ccccc21,4.782,nM,CHEMBL629,4.782,4.168600000000003,3.24,277.411,8.320390428220245
N#Cc1ccc2nn(CCCCN3CCN(c4cccc5sccc45)CC3)c(=O)n2c1,76.6,nM,CHEMBL4644391,76.6,3.1847800000000017,69.57,432.55300000000017,7.115771230367396
COc1ccc(CCN2CCC(Nc3nc4ccccc4n3Cc3ccc(F)cc3)CC2)cc1,14.0,nM,CHEMBL296419,14.0,5.351300000000005,42.32,458.58100000000024,7.853871964321762
CCOCCOCCN1CCC(c2nc3ccccc3n2CCOCC)CC1,115.0,nM,CHEMBL5775990,115.0,3.3053000000000017,48.75,389.5400000000003,6.939302159646388
CCOCCn1c(C2CCN(CCCO)CC2)nc2ccccc21,28.0,nM,CHEMBL5978002,28.0,2.6346000000000007,50.519999999999996,331.46,7.552841968657781
O=c1[nH]c2ccccc2n1CCCN1CCC(n2c(=O)[nH]c3cc(Cl)ccc32)CC1,1344.0,nM,CHEMBL219916,1344.0,3.353200000000002,78.82,425.92000000000013,5.871600731282194
CN(C)CCOC(c1ccccc1)c1ccccc1,171.0,nM,CHEMBL657,171.0,3.3542000000000023,12.47,255.36100000000002,6.767003889607846
Clc1ccc(CNCC[C@@H]2C[C@H]2c2c[nH]cn2)cc1,6800.0,nM,CHEMBL213886,6800.0,3.3465000000000016,40.71,275.783,5.167491087293763
Clc1ccc2c(c1)CCc1cccnc1C2=C1CCNCC1,16000.0,nM,CHEMBL1172,16000.0,4.018900000000002,24.92,310.8280000000001,4.795880017344075
COc1ccc(C2(CCN3CCC(C(=O)c4nc5ccccc5n4Cc4ccc(F)cc4)CC3)CCN(C(=O)c3cc(OC)c(OC)c(OC)c3)C2)cc1OC,309.0,nM,CHEMBL93556,309.0,7.0356000000000085,104.59000000000002,764.8950000000001,6.510041520575165
CN(C)CCCC1(c2ccc(F)cc2)OCc2cc(C#N)ccc21,3194.0,nM,CHEMBL549,3194.0,3.812980000000003,36.26,324.39900000000006,5.495665088197536
COc1ccc(CN(CCN(C)C)c2ccccn2)cc1,3.721,nM,CHEMBL511,3.721,2.658400000000001,28.6,285.391,8.429340329978466
COc1ccc(CN(CCN(C)C)c2ccccn2)cc1,3.3,nM,CHEMBL511,3.3,2.658400000000001,28.6,285.391,8.481486060122112
COc1ccccc1OCCCN1CCC(=C2c3ccc(Cl)cc3CCc3cccnc32)CC1,9.28,nM,CHEMBL4473466,9.28,6.209000000000007,34.59,475.03200000000015,8.032452023781138
CN1CCc2c(c3ccccc3n2CCc2ccncc2)C1,120.0,nM,CHEMBL1783964,120.0,3.2669000000000024,21.060000000000002,291.398,6.920818753952375
CN1CCc2c(c3ccccc3n2CCc2ccccn2)C1,1820.0,nM,CHEMBL1783953,1820.0,3.2669000000000015,21.060000000000002,291.398,5.739928612014925
O=C(CCO)N1CCC(=C2c3ccc(Cl)cc3CCc3cccnc32)CC1,125.7,nM,CHEMBL5532329,125.7,3.6403000000000025,53.43,382.89100000000025,6.900664722314042
CN1CCC(=C2c3ccccc3CC(=O)c3sccc32)CC1,2300.0,nM,CHEMBL534,2300.0,4.014400000000004,20.310000000000002,309.4340000000001,5.638272163982407
OC(COc1ccccc1Br)CN1CCC(=C2c3ccc(Cl)cc3CCc3cccnc32)CC1,40.22,nM,CHEMBL4458953,40.22,5.933700000000006,45.59,539.9010000000002,7.395557933739277
OC(COc1ccccc1Cl)CN1CCC(=C2c3ccc(Cl)cc3CCc3cccnc32)CC1,28.41,nM,CHEMBL4539056,28.41,5.8246000000000056,45.59,495.4500000000003,7.546528766277064
OC(COc1ccccc1F)CN1CCC(=C2c3ccc(Cl)cc3CCc3cccnc32)CC1,4.74,nM,CHEMBL4556553,4.74,5.310300000000006,45.59,478.99500000000023,8.324221658325914
COc1c(OCC(O)CN2CCC(=C3c4ccc(Cl)cc4CCc4cccnc43)CC2)ccc(F)c1F,27.88,nM,CHEMBL4529928,27.88,5.458000000000005,54.82,527.0110000000003,7.554707230574028
CC(=O)c1ccccc1OCC(O)CN1CCC(=C2c3ccc(Cl)cc3CCc3cccnc32)CC1,20.98,nM,CHEMBL4518271,20.98,5.3738000000000055,62.660000000000004,503.04200000000026,7.678194516142461
CCOCCn1c(C2CCN(CCOC)CC2)nc2ccccc21,93.0,nM,CHEMBL5913525,93.0,2.898600000000001,39.519999999999996,331.46,7.031517051446065
O=C(O)c1ccc(OCCN2CCC(c3nc4ccccc4n3CCOc3ccccc3)CC2)cc1,260.0,nM,CHEMBL5873096,260.0,5.071900000000005,76.82000000000001,485.58400000000023,6.585026652029182
CN(C)CCCN1c2ccccc2Sc2ccc(Cl)cc21,12.0,nM,CHEMBL71,12.0,4.894400000000004,6.48,318.8730000000001,7.920818753952375
OC(COc1ccccc1)CN1CCC(=C2c3ccc(Cl)cc3CCc3cccnc32)CC1,6.23,nM,CHEMBL4587694,6.23,5.171200000000005,45.59,461.0050000000002,8.20551195334083
O=C1CC2(CCCC2)CC(=O)N1CCCCN1CCN(c2cccc3sccc23)CC1,305.0,nM,CHEMBL4294617,305.0,4.512900000000005,43.86000000000001,439.62500000000017,6.515700160653214
CO[C@@H]1Cc2ccccc2C(=C2CCNCC2)c2ccsc21,23000.0,nM,CHEMBL4115677,23000.0,4.177000000000003,21.259999999999998,311.44999999999993,4.638272163982407
CN1CCC(=C2c3ccccc3CC(=O)c3sccc32)CC1,2300.0,nM,CHEMBL534,2300.0,4.014400000000004,20.310000000000002,309.4340000000001,5.638272163982407
CCOCCn1c(C2CCN(CCOC(C)=O)CC2)nc2ccccc21,54.0,nM,CHEMBL5966490,54.0,2.8153000000000006,56.59,359.47,7.267606240177032
CC(C)(C(=O)O)c1ccc(CCN2CCC(=C3c4ccc(Cl)cc4CCc4cccnc43)CC2)cc1,33.91,nM,CHEMBL5542993,33.91,6.336200000000006,53.43,501.07000000000016,7.469672210221914
CC(C)(C(=O)O)c1ccc(CN2CCC(=C3c4ccc(Cl)cc4CCc4cccnc43)CC2)cc1,18.36,nM,CHEMBL5560560,18.36,6.2937000000000065,53.43,487.04300000000023,7.7361273231347765
CCOCCn1c(C2CCN(CCOCC(=O)OCC)CC2)nc2ccccc21,169.0,nM,CHEMBL5906049,169.0,2.831900000000001,65.82000000000001,403.5230000000002,6.772113295386326
CCOC(=O)N1CCC(=C2c3ccc(Cl)cc3CCc3cccnc32)CC1,1500000.0,nM,CHEMBL998,1500000.0,4.887800000000005,42.43,382.89100000000025,2.8239087409443187
O=C1[C@@H]2[C@H]3CC[C@H](C3)[C@@H]2C(=O)N1CCCCN1CCN(c2cccc3sccc23)CC1,174.0,nM,CHEMBL4284346,174.0,3.8346000000000027,43.86000000000001,437.60900000000015,6.7594507517174005
O=c1n(CCCCN2CCN(c3cccc4sccc34)CC2)nc2ccccn12,88.5,nM,CHEMBL4638599,88.5,3.3131000000000013,45.78,407.5430000000002,7.053056729302175
Clc1ccc2c(c1)CCc1cccnc1C2=C1CCNCC1,0.644,nM,CHEMBL1172,0.644,4.018900000000002,24.92,310.8280000000001,9.191114132640188
NC(=O)c1cn(CCN2CCC(=C3c4ccc(Cl)cc4CCc4cccnc43)CC2)nn1,12.21,nM,CHEMBL5565071,12.21,3.121900000000002,89.93,448.95800000000025,7.913284336055117
